interaction_id,customer_id,interaction_date,interaction_type,interaction_reason,resolution_status,satisfaction_rating,agent_id,agent_name,duration_minutes,follow_up_required
INT_00000017,CUST_000860,4/27/2025,Email,Inquiry,Resolved,4,AGT_005,Emily Davis,16,FALSE
INT_00000021,CUST_001714,11/25/2024,Email,Support,Resolved,3,AGT_010,William Anderson,40,TRUE
INT_00000023,CUST_000044,3/30/2025,Call,Support,Escalated,1,AGT_006,Michael Miller,7,TRUE
INT_00000025,CUST_001851,12/6/2024,Call,Complaint,Pending,2,AGT_002,James Smith,60,FALSE
INT_00000031,CUST_000986,2/10/2025,Chat,Support,Pending,4,AGT_007,Linda Wilson,8,FALSE
INT_00000039,CUST_000157,12/21/2023,Email,Complaint,Pending,4,AGT_001,Sarah Johnson,11,FALSE
INT_00000041,CUST_000157,4/8/2024,Branch Visit,Complaint,Pending,2,AGT_002,James Smith,18,TRUE
INT_00000046,CUST_000946,11/8/2024,Email,Support,Pending,1,AGT_009,Barbara Taylor,55,TRUE
INT_00000047,CUST_000946,10/15/2024,Email,Inquiry,Resolved,5,AGT_008,David Moore,32,FALSE
INT_00000049,CUST_000012,12/10/2024,Email,Complaint,Pending,5,AGT_001,Sarah Johnson,49,TRUE
INT_00000053,CUST_001113,7/4/2024,Email,Complaint,Resolved,4,AGT_003,Maria Garcia,41,FALSE
INT_00000054,CUST_001113,10/3/2024,Branch Visit,Inquiry,Pending,1,AGT_001,Sarah Johnson,37,FALSE
INT_00000056,CUST_001113,9/9/2024,Chat,Inquiry,Escalated,2,AGT_005,Emily Davis,24,TRUE
INT_00000057,CUST_001113,7/11/2024,Branch Visit,Complaint,Pending,1,AGT_003,Maria Garcia,12,TRUE
INT_00000058,CUST_000584,4/15/2025,Chat,Inquiry,Pending,1,AGT_008,David Moore,9,TRUE
INT_00000059,CUST_000584,5/31/2024,Email,Inquiry,Pending,1,AGT_007,Linda Wilson,26,FALSE
INT_00000060,CUST_000584,6/6/2025,Branch Visit,Inquiry,Pending,3,AGT_002,James Smith,37,TRUE
INT_00000061,CUST_001125,8/26/2024,Branch Visit,Support,Resolved,3,AGT_009,Barbara Taylor,36,FALSE
INT_00000069,CUST_002353,5/23/2025,Call,Support,Pending,5,AGT_005,Emily Davis,48,FALSE
INT_00000072,CUST_000470,5/10/2025,Email,Support,Resolved,4,AGT_007,Linda Wilson,5,FALSE
INT_00000073,CUST_001781,2/21/2025,Email,Inquiry,Escalated,5,AGT_003,Maria Garcia,41,FALSE
INT_00000082,CUST_000124,11/6/2023,Call,Complaint,Escalated,5,AGT_002,James Smith,26,FALSE
INT_00000086,CUST_001703,7/18/2025,Branch Visit,Complaint,Escalated,5,AGT_007,Linda Wilson,27,FALSE
INT_00000090,CUST_000906,9/30/2024,Branch Visit,Complaint,Pending,2,AGT_007,Linda Wilson,9,TRUE
INT_00000100,CUST_001747,5/20/2025,Chat,Support,Resolved,2,AGT_005,Emily Davis,58,FALSE
INT_00000108,CUST_001931,12/28/2024,Branch Visit,Inquiry,Pending,1,AGT_008,David Moore,48,FALSE
INT_00000109,CUST_001931,2/22/2024,Chat,Inquiry,Pending,3,AGT_004,Robert Brown,35,FALSE
INT_00000110,CUST_001931,5/31/2025,Chat,Support,Escalated,3,AGT_001,Sarah Johnson,37,TRUE
INT_00000112,CUST_001252,6/14/2024,Call,Complaint,Resolved,2,AGT_003,Maria Garcia,53,TRUE
INT_00000113,CUST_001252,2/2/2024,Call,Complaint,Pending,2,AGT_010,William Anderson,44,TRUE
INT_00000114,CUST_000038,4/14/2025,Call,Complaint,Pending,2,AGT_008,David Moore,47,FALSE
INT_00000117,CUST_000038,9/11/2024,Email,Inquiry,Pending,1,AGT_004,Robert Brown,14,TRUE
INT_00000118,CUST_001019,12/22/2024,Chat,Inquiry,Pending,4,AGT_007,Linda Wilson,12,TRUE
INT_00000119,CUST_001019,3/8/2025,Chat,Support,Escalated,5,AGT_002,James Smith,41,TRUE
INT_00000125,CUST_000846,6/26/2025,Branch Visit,Support,Escalated,1,AGT_001,Sarah Johnson,42,FALSE
INT_00000126,CUST_000846,4/2/2024,Email,Support,Resolved,2,AGT_002,James Smith,18,FALSE
INT_00000128,CUST_000006,7/5/2025,Email,Support,Escalated,3,AGT_003,Maria Garcia,54,TRUE
INT_00000129,CUST_000006,7/13/2025,Email,Inquiry,Escalated,4,AGT_009,Barbara Taylor,5,FALSE
INT_00000133,CUST_001141,6/20/2024,Email,Complaint,Escalated,3,AGT_004,Robert Brown,39,TRUE
INT_00000134,CUST_001141,7/13/2025,Branch Visit,Support,Resolved,2,AGT_004,Robert Brown,25,TRUE
INT_00000139,CUST_000264,6/18/2024,Branch Visit,Inquiry,Escalated,3,AGT_007,Linda Wilson,48,TRUE
INT_00000140,CUST_000264,12/21/2023,Email,Inquiry,Pending,1,AGT_003,Maria Garcia,52,FALSE
INT_00000144,CUST_001596,9/18/2024,Call,Complaint,Pending,5,AGT_003,Maria Garcia,14,FALSE
INT_00000149,CUST_001786,5/6/2025,Branch Visit,Inquiry,Escalated,4,AGT_007,Linda Wilson,28,TRUE
INT_00000150,CUST_001786,4/3/2025,Call,Inquiry,Resolved,1,AGT_004,Robert Brown,7,TRUE
INT_00000153,CUST_001602,11/12/2024,Branch Visit,Support,Escalated,4,AGT_002,James Smith,57,TRUE
INT_00000154,CUST_001081,6/8/2025,Email,Support,Escalated,2,AGT_002,James Smith,33,FALSE
INT_00000163,CUST_000126,2/11/2025,Chat,Inquiry,Pending,4,AGT_010,William Anderson,21,FALSE
INT_00000175,CUST_000113,9/26/2023,Email,Inquiry,Pending,3,AGT_003,Maria Garcia,29,FALSE
INT_00000176,CUST_000113,11/19/2023,Call,Inquiry,Resolved,5,AGT_007,Linda Wilson,35,FALSE
INT_00000187,CUST_000390,2/17/2025,Branch Visit,Support,Escalated,1,AGT_005,Emily Davis,41,TRUE
INT_00000188,CUST_000390,1/31/2025,Email,Inquiry,Pending,3,AGT_001,Sarah Johnson,26,TRUE
INT_00000192,CUST_001227,9/14/2024,Email,Support,Escalated,3,AGT_001,Sarah Johnson,11,FALSE
INT_00000203,CUST_001692,3/15/2025,Email,Complaint,Resolved,4,AGT_007,Linda Wilson,12,FALSE
INT_00000204,CUST_001692,6/4/2025,Chat,Support,Escalated,4,AGT_005,Emily Davis,37,TRUE
INT_00000206,CUST_001692,5/29/2024,Call,Inquiry,Resolved,3,AGT_001,Sarah Johnson,10,TRUE
INT_00000208,CUST_001692,1/9/2025,Branch Visit,Inquiry,Escalated,1,AGT_009,Barbara Taylor,54,TRUE
INT_00000213,CUST_002113,7/12/2025,Branch Visit,Complaint,Pending,4,AGT_002,James Smith,32,TRUE
INT_00000215,CUST_000015,7/21/2025,Call,Inquiry,Escalated,2,AGT_006,Michael Miller,6,FALSE
INT_00000225,CUST_001212,6/22/2025,Branch Visit,Support,Pending,4,AGT_008,David Moore,7,TRUE
INT_00000228,CUST_000393,4/20/2024,Chat,Support,Resolved,4,AGT_008,David Moore,38,FALSE
INT_00000229,CUST_000488,7/24/2025,Chat,Support,Pending,4,AGT_008,David Moore,16,TRUE
INT_00000233,CUST_001302,12/18/2024,Chat,Support,Resolved,2,AGT_002,James Smith,51,TRUE
INT_00000252,CUST_000666,5/10/2024,Call,Support,Pending,2,AGT_006,Michael Miller,40,FALSE
INT_00000253,CUST_000666,8/28/2024,Email,Complaint,Escalated,3,AGT_007,Linda Wilson,13,FALSE
INT_00000255,CUST_000666,12/4/2023,Chat,Inquiry,Resolved,2,AGT_001,Sarah Johnson,5,FALSE
INT_00000256,CUST_000666,8/12/2024,Call,Inquiry,Escalated,3,AGT_003,Maria Garcia,55,FALSE
INT_00000257,CUST_000666,4/20/2024,Chat,Inquiry,Resolved,4,AGT_003,Maria Garcia,18,TRUE
INT_00000259,CUST_000666,9/27/2024,Email,Inquiry,Resolved,5,AGT_009,Barbara Taylor,44,FALSE
INT_00000260,CUST_000666,11/18/2023,Branch Visit,Complaint,Resolved,1,AGT_001,Sarah Johnson,52,TRUE
INT_00000261,CUST_001358,3/8/2025,Chat,Complaint,Escalated,3,AGT_003,Maria Garcia,36,FALSE
INT_00000262,CUST_001358,9/30/2024,Chat,Support,Escalated,4,AGT_005,Emily Davis,38,TRUE
INT_00000264,CUST_000655,10/20/2024,Call,Inquiry,Pending,5,AGT_005,Emily Davis,43,FALSE
INT_00000267,CUST_000655,1/19/2025,Email,Complaint,Escalated,2,AGT_002,James Smith,25,FALSE
INT_00000268,CUST_001002,4/9/2024,Call,Inquiry,Resolved,1,AGT_002,James Smith,48,TRUE
INT_00000269,CUST_001002,1/6/2025,Chat,Support,Pending,5,AGT_002,James Smith,40,FALSE
INT_00000275,CUST_000546,1/20/2024,Branch Visit,Support,Resolved,3,AGT_007,Linda Wilson,32,FALSE
INT_00000279,CUST_000197,5/26/2024,Email,Inquiry,Pending,3,AGT_002,James Smith,38,FALSE
INT_00000284,CUST_001329,1/31/2025,Branch Visit,Support,Pending,3,AGT_005,Emily Davis,52,FALSE
INT_00000285,CUST_002062,12/10/2024,Chat,Complaint,Pending,1,AGT_005,Emily Davis,41,TRUE
INT_00000286,CUST_002062,11/7/2024,Call,Complaint,Escalated,4,AGT_002,James Smith,30,FALSE
INT_00000289,CUST_002062,3/2/2025,Call,Complaint,Pending,3,AGT_001,Sarah Johnson,43,TRUE
INT_00000290,CUST_002246,9/22/2024,Chat,Complaint,Escalated,5,AGT_001,Sarah Johnson,46,FALSE
INT_00000291,CUST_002246,12/7/2024,Email,Inquiry,Resolved,4,AGT_008,David Moore,17,TRUE
INT_00000296,CUST_001823,11/8/2023,Call,Support,Resolved,5,AGT_010,William Anderson,56,FALSE
INT_00000297,CUST_001823,7/10/2024,Chat,Inquiry,Escalated,5,AGT_001,Sarah Johnson,56,TRUE
INT_00000298,CUST_001823,5/9/2025,Chat,Inquiry,Resolved,2,AGT_004,Robert Brown,29,FALSE
INT_00000299,CUST_001823,10/29/2024,Branch Visit,Inquiry,Resolved,2,AGT_003,Maria Garcia,7,FALSE
INT_00000300,CUST_001823,6/16/2024,Call,Complaint,Pending,2,AGT_007,Linda Wilson,16,FALSE
INT_00000301,CUST_001823,7/14/2024,Chat,Complaint,Escalated,2,AGT_001,Sarah Johnson,56,FALSE
INT_00000302,CUST_001823,4/16/2025,Branch Visit,Complaint,Escalated,3,AGT_009,Barbara Taylor,35,TRUE
INT_00000308,CUST_000963,5/23/2024,Chat,Complaint,Pending,3,AGT_010,William Anderson,60,FALSE
INT_00000309,CUST_000963,6/5/2024,Email,Complaint,Pending,2,AGT_010,William Anderson,22,FALSE
INT_00000311,CUST_000963,5/21/2024,Branch Visit,Complaint,Escalated,3,AGT_008,David Moore,43,FALSE
INT_00000312,CUST_001433,11/2/2024,Chat,Support,Escalated,3,AGT_004,Robert Brown,52,FALSE
INT_00000314,CUST_001111,8/2/2024,Call,Inquiry,Escalated,3,AGT_008,David Moore,20,FALSE
INT_00000318,CUST_001254,11/17/2024,Chat,Complaint,Pending,2,AGT_004,Robert Brown,22,TRUE
INT_00000319,CUST_001254,3/23/2025,Branch Visit,Support,Escalated,1,AGT_003,Maria Garcia,18,TRUE
INT_00000320,CUST_001254,11/16/2024,Chat,Inquiry,Escalated,5,AGT_002,James Smith,43,TRUE
INT_00000322,CUST_002036,5/20/2025,Chat,Complaint,Resolved,4,AGT_002,James Smith,8,FALSE
INT_00000327,CUST_001658,11/13/2024,Chat,Support,Escalated,4,AGT_008,David Moore,7,TRUE
INT_00000333,CUST_001492,8/10/2024,Email,Support,Resolved,2,AGT_010,William Anderson,32,TRUE
INT_00000334,CUST_001492,3/23/2024,Chat,Inquiry,Pending,2,AGT_008,David Moore,60,FALSE
INT_00000337,CUST_001492,1/29/2025,Call,Support,Pending,4,AGT_008,David Moore,26,FALSE
INT_00000339,CUST_001492,12/25/2023,Email,Support,Escalated,2,AGT_002,James Smith,30,TRUE
INT_00000342,CUST_000437,4/25/2025,Email,Complaint,Escalated,4,AGT_003,Maria Garcia,33,TRUE
INT_00000346,CUST_000357,2/20/2025,Chat,Inquiry,Escalated,5,AGT_006,Michael Miller,17,TRUE
INT_00000348,CUST_000357,2/20/2025,Branch Visit,Inquiry,Resolved,3,AGT_006,Michael Miller,60,FALSE
INT_00000350,CUST_000475,6/28/2024,Email,Complaint,Escalated,4,AGT_005,Emily Davis,20,FALSE
INT_00000351,CUST_000475,6/16/2025,Chat,Complaint,Escalated,1,AGT_004,Robert Brown,38,FALSE
INT_00000368,CUST_001309,6/1/2025,Email,Inquiry,Escalated,3,AGT_008,David Moore,27,TRUE
INT_00000371,CUST_002075,6/13/2025,Branch Visit,Support,Pending,5,AGT_003,Maria Garcia,21,FALSE
INT_00000372,CUST_001784,3/7/2024,Branch Visit,Complaint,Escalated,3,AGT_001,Sarah Johnson,53,FALSE
INT_00000373,CUST_001784,8/22/2024,Chat,Support,Pending,1,AGT_008,David Moore,52,TRUE
INT_00000376,CUST_000744,1/13/2025,Chat,Inquiry,Resolved,5,AGT_006,Michael Miller,28,FALSE
INT_00000377,CUST_001897,5/10/2025,Call,Complaint,Resolved,5,AGT_007,Linda Wilson,47,TRUE
INT_00000382,CUST_001825,5/24/2024,Call,Complaint,Pending,3,AGT_008,David Moore,43,FALSE
INT_00000384,CUST_002226,1/23/2025,Branch Visit,Inquiry,Escalated,2,AGT_002,James Smith,26,FALSE
INT_00000385,CUST_002226,7/14/2024,Branch Visit,Complaint,Escalated,2,AGT_003,Maria Garcia,19,FALSE
INT_00000399,CUST_000166,7/23/2025,Call,Support,Escalated,4,AGT_001,Sarah Johnson,38,FALSE
INT_00000403,CUST_000338,6/14/2025,Email,Support,Escalated,4,AGT_002,James Smith,7,TRUE
INT_00000406,CUST_001132,4/29/2025,Branch Visit,Support,Pending,1,AGT_007,Linda Wilson,54,FALSE
INT_00000414,CUST_000975,1/15/2025,Call,Inquiry,Escalated,3,AGT_003,Maria Garcia,18,FALSE
INT_00000416,CUST_001044,11/10/2024,Email,Complaint,Resolved,5,AGT_002,James Smith,45,FALSE
INT_00000417,CUST_002420,4/28/2025,Call,Support,Pending,5,AGT_007,Linda Wilson,54,FALSE
INT_00000432,CUST_000277,6/8/2025,Email,Inquiry,Resolved,1,AGT_005,Emily Davis,41,FALSE
INT_00000442,CUST_001508,1/20/2025,Call,Complaint,Escalated,3,AGT_002,James Smith,57,TRUE
INT_00000445,CUST_001508,11/3/2024,Email,Complaint,Pending,4,AGT_005,Emily Davis,23,FALSE
INT_00000446,CUST_001508,10/11/2024,Email,Inquiry,Pending,1,AGT_002,James Smith,20,TRUE
INT_00000448,CUST_001508,3/3/2025,Email,Complaint,Pending,2,AGT_003,Maria Garcia,27,FALSE
INT_00000449,CUST_001346,4/10/2024,Call,Complaint,Resolved,2,AGT_002,James Smith,31,FALSE
INT_00000453,CUST_001493,4/16/2025,Call,Complaint,Pending,1,AGT_008,David Moore,52,FALSE
INT_00000454,CUST_001493,2/5/2025,Branch Visit,Complaint,Pending,4,AGT_005,Emily Davis,34,TRUE
INT_00000456,CUST_000742,12/16/2024,Branch Visit,Support,Resolved,5,AGT_002,James Smith,20,FALSE
INT_00000467,CUST_001445,11/26/2024,Email,Inquiry,Escalated,1,AGT_001,Sarah Johnson,23,TRUE
INT_00000470,CUST_001815,3/30/2025,Call,Complaint,Escalated,2,AGT_003,Maria Garcia,60,TRUE
INT_00000471,CUST_001815,1/8/2025,Email,Complaint,Resolved,5,AGT_007,Linda Wilson,33,FALSE
INT_00000472,CUST_001815,3/1/2025,Branch Visit,Support,Escalated,1,AGT_004,Robert Brown,33,FALSE
INT_00000478,CUST_002032,6/22/2025,Call,Inquiry,Escalated,3,AGT_006,Michael Miller,23,FALSE
INT_00000482,CUST_000439,10/16/2023,Email,Inquiry,Resolved,1,AGT_005,Emily Davis,31,TRUE
INT_00000483,CUST_000439,4/3/2025,Email,Support,Resolved,4,AGT_007,Linda Wilson,12,FALSE
INT_00000484,CUST_000772,1/7/2024,Call,Support,Escalated,1,AGT_001,Sarah Johnson,55,TRUE
INT_00000507,CUST_001332,1/14/2025,Branch Visit,Inquiry,Resolved,4,AGT_004,Robert Brown,16,TRUE
INT_00000508,CUST_001332,7/27/2023,Branch Visit,Support,Escalated,5,AGT_002,James Smith,28,TRUE
INT_00000509,CUST_001332,10/8/2023,Branch Visit,Complaint,Resolved,5,AGT_010,William Anderson,13,TRUE
INT_00000511,CUST_000360,3/8/2025,Chat,Support,Escalated,4,AGT_003,Maria Garcia,46,TRUE
INT_00000512,CUST_000360,7/14/2025,Chat,Inquiry,Pending,4,AGT_006,Michael Miller,51,FALSE
INT_00000526,CUST_001904,5/3/2025,Call,Complaint,Resolved,3,AGT_006,Michael Miller,59,TRUE
INT_00000537,CUST_000688,4/26/2025,Email,Complaint,Escalated,2,AGT_002,James Smith,11,FALSE
INT_00000547,CUST_000477,6/9/2025,Branch Visit,Support,Resolved,5,AGT_002,James Smith,23,TRUE
INT_00000549,CUST_000477,7/16/2025,Call,Complaint,Resolved,4,AGT_003,Maria Garcia,14,TRUE
INT_00000550,CUST_000841,5/16/2025,Chat,Support,Escalated,3,AGT_004,Robert Brown,37,FALSE
INT_00000571,CUST_000249,5/6/2025,Branch Visit,Support,Escalated,1,AGT_004,Robert Brown,7,FALSE
INT_00000572,CUST_000249,1/30/2025,Email,Support,Pending,2,AGT_003,Maria Garcia,54,TRUE
INT_00000583,CUST_000802,7/20/2025,Call,Support,Pending,3,AGT_005,Emily Davis,23,TRUE
INT_00000587,CUST_001879,2/17/2025,Chat,Support,Pending,1,AGT_002,James Smith,20,FALSE
INT_00000588,CUST_001879,10/18/2024,Email,Complaint,Pending,2,AGT_002,James Smith,60,FALSE
INT_00000591,CUST_000289,7/14/2025,Chat,Inquiry,Escalated,4,AGT_007,Linda Wilson,25,TRUE
INT_00000592,CUST_000533,1/17/2024,Call,Complaint,Pending,2,AGT_004,Robert Brown,42,FALSE
INT_00000596,CUST_002115,5/23/2025,Call,Complaint,Escalated,2,AGT_007,Linda Wilson,11,TRUE
INT_00000597,CUST_002115,5/7/2025,Email,Support,Pending,4,AGT_003,Maria Garcia,50,TRUE
INT_00000600,CUST_002115,7/7/2025,Branch Visit,Complaint,Pending,4,AGT_005,Emily Davis,39,FALSE
INT_00000606,CUST_002351,2/21/2025,Email,Complaint,Pending,2,AGT_003,Maria Garcia,52,FALSE
INT_00000607,CUST_002351,4/15/2025,Chat,Complaint,Resolved,1,AGT_006,Michael Miller,48,TRUE
INT_00000609,CUST_001151,4/12/2025,Call,Inquiry,Resolved,4,AGT_007,Linda Wilson,50,FALSE
INT_00000610,CUST_001151,10/13/2024,Branch Visit,Inquiry,Pending,4,AGT_004,Robert Brown,28,TRUE
INT_00000613,CUST_000434,7/21/2025,Call,Inquiry,Resolved,5,AGT_004,Robert Brown,22,FALSE
INT_00000614,CUST_000479,1/23/2024,Call,Support,Escalated,3,AGT_003,Maria Garcia,37,FALSE
INT_00000616,CUST_001010,5/27/2025,Call,Inquiry,Pending,5,AGT_006,Michael Miller,51,TRUE
INT_00000618,CUST_001963,6/27/2025,Chat,Support,Resolved,2,AGT_009,Barbara Taylor,54,FALSE
INT_00000619,CUST_001963,11/9/2023,Email,Support,Resolved,4,AGT_006,Michael Miller,28,FALSE
INT_00000621,CUST_001963,6/20/2025,Call,Support,Resolved,5,AGT_003,Maria Garcia,31,TRUE
INT_00000622,CUST_001963,3/2/2025,Chat,Inquiry,Resolved,4,AGT_001,Sarah Johnson,52,FALSE
INT_00000629,CUST_001345,7/20/2025,Call,Complaint,Resolved,2,AGT_003,Maria Garcia,49,FALSE
INT_00000630,CUST_001345,6/2/2025,Chat,Support,Resolved,4,AGT_004,Robert Brown,22,TRUE
INT_00000636,CUST_000866,11/5/2024,Chat,Support,Resolved,3,AGT_002,James Smith,34,TRUE
INT_00000638,CUST_000866,10/21/2024,Chat,Support,Escalated,1,AGT_007,Linda Wilson,54,TRUE
INT_00000641,CUST_002134,11/15/2023,Call,Complaint,Escalated,2,AGT_001,Sarah Johnson,32,FALSE
INT_00000645,CUST_002127,12/1/2024,Chat,Complaint,Pending,2,AGT_003,Maria Garcia,56,FALSE
INT_00000646,CUST_002127,6/17/2025,Chat,Complaint,Resolved,3,AGT_002,James Smith,25,TRUE
INT_00000655,CUST_000597,5/30/2024,Chat,Inquiry,Pending,2,AGT_004,Robert Brown,39,TRUE
INT_00000668,CUST_002100,2/3/2024,Branch Visit,Inquiry,Escalated,5,AGT_002,James Smith,27,FALSE
INT_00000669,CUST_002100,2/21/2024,Branch Visit,Complaint,Resolved,5,AGT_001,Sarah Johnson,6,FALSE
INT_00000671,CUST_002100,10/1/2024,Email,Support,Pending,4,AGT_001,Sarah Johnson,8,TRUE
INT_00000672,CUST_002100,5/26/2025,Email,Support,Pending,3,AGT_004,Robert Brown,41,TRUE
INT_00000673,CUST_002100,6/3/2025,Branch Visit,Complaint,Resolved,3,AGT_006,Michael Miller,50,FALSE
INT_00000674,CUST_002100,12/10/2023,Chat,Complaint,Resolved,1,AGT_006,Michael Miller,18,TRUE
INT_00000682,CUST_001058,7/3/2023,Branch Visit,Support,Resolved,1,AGT_004,Robert Brown,59,TRUE
INT_00000687,CUST_001915,6/10/2025,Call,Complaint,Resolved,3,AGT_001,Sarah Johnson,50,TRUE
INT_00000701,CUST_000036,5/19/2024,Call,Complaint,Pending,4,AGT_006,Michael Miller,43,TRUE
INT_00000707,CUST_001166,2/2/2025,Chat,Complaint,Escalated,4,AGT_003,Maria Garcia,6,TRUE
INT_00000721,CUST_001895,8/25/2024,Chat,Complaint,Escalated,3,AGT_004,Robert Brown,9,TRUE
INT_00000725,CUST_001895,1/18/2025,Email,Complaint,Pending,1,AGT_007,Linda Wilson,48,TRUE
INT_00000727,CUST_001895,8/14/2024,Chat,Complaint,Resolved,2,AGT_005,Emily Davis,29,FALSE
INT_00000728,CUST_001895,12/22/2024,Call,Support,Escalated,3,AGT_003,Maria Garcia,16,FALSE
INT_00000730,CUST_001035,7/30/2025,Email,Inquiry,Pending,4,AGT_001,Sarah Johnson,29,FALSE
INT_00000735,CUST_001136,8/23/2024,Chat,Inquiry,Escalated,5,AGT_002,James Smith,43,TRUE
INT_00000737,CUST_000178,5/25/2025,Branch Visit,Inquiry,Escalated,2,AGT_001,Sarah Johnson,25,FALSE
INT_00000742,CUST_000698,7/27/2025,Branch Visit,Inquiry,Escalated,3,AGT_002,James Smith,33,TRUE
INT_00000746,CUST_001746,9/4/2024,Email,Inquiry,Pending,5,AGT_006,Michael Miller,9,FALSE
INT_00000747,CUST_001746,1/3/2025,Email,Inquiry,Resolved,5,AGT_003,Maria Garcia,45,TRUE
INT_00000748,CUST_001746,7/21/2025,Chat,Complaint,Pending,5,AGT_004,Robert Brown,16,FALSE
INT_00000758,CUST_001167,6/16/2025,Branch Visit,Inquiry,Resolved,4,AGT_010,William Anderson,40,FALSE
INT_00000767,CUST_001453,6/11/2025,Email,Support,Resolved,1,AGT_002,James Smith,21,TRUE
INT_00000768,CUST_002303,7/29/2023,Call,Complaint,Resolved,1,AGT_005,Emily Davis,41,TRUE
INT_00000769,CUST_002449,10/11/2024,Email,Complaint,Resolved,1,AGT_001,Sarah Johnson,56,FALSE
INT_00000771,CUST_000127,3/23/2025,Branch Visit,Inquiry,Pending,3,AGT_001,Sarah Johnson,27,TRUE
INT_00000774,CUST_001062,3/17/2025,Call,Inquiry,Pending,1,AGT_008,David Moore,46,FALSE
INT_00000775,CUST_001062,11/1/2023,Call,Support,Pending,2,AGT_003,Maria Garcia,32,FALSE
INT_00000776,CUST_001062,1/12/2025,Email,Complaint,Escalated,2,AGT_007,Linda Wilson,50,FALSE
INT_00000783,CUST_002112,7/25/2024,Call,Complaint,Escalated,4,AGT_007,Linda Wilson,53,TRUE
INT_00000785,CUST_000858,7/27/2024,Email,Complaint,Pending,2,AGT_001,Sarah Johnson,45,TRUE
INT_00000793,CUST_000222,8/24/2024,Chat,Complaint,Pending,3,AGT_001,Sarah Johnson,28,TRUE
INT_00000794,CUST_000222,8/23/2024,Email,Support,Escalated,2,AGT_009,Barbara Taylor,8,FALSE
INT_00000796,CUST_000222,2/18/2025,Call,Complaint,Pending,5,AGT_001,Sarah Johnson,11,TRUE
INT_00000797,CUST_000222,1/26/2025,Email,Support,Resolved,3,AGT_006,Michael Miller,13,FALSE
INT_00000800,CUST_001893,6/3/2025,Email,Inquiry,Resolved,3,AGT_003,Maria Garcia,23,FALSE
INT_00000801,CUST_001893,7/11/2024,Call,Complaint,Resolved,4,AGT_003,Maria Garcia,26,TRUE
INT_00000802,CUST_001893,5/14/2023,Email,Support,Resolved,2,AGT_005,Emily Davis,34,TRUE
INT_00000803,CUST_001893,1/21/2025,Email,Complaint,Escalated,3,AGT_001,Sarah Johnson,11,TRUE
INT_00000804,CUST_001893,2/23/2024,Chat,Complaint,Pending,2,AGT_005,Emily Davis,15,FALSE
INT_00000805,CUST_001893,5/10/2024,Chat,Support,Pending,2,AGT_009,Barbara Taylor,35,TRUE
INT_00000807,CUST_001893,4/5/2025,Email,Inquiry,Resolved,1,AGT_006,Michael Miller,14,FALSE
INT_00000813,CUST_001491,11/3/2024,Branch Visit,Support,Resolved,1,AGT_002,James Smith,49,TRUE
INT_00000830,CUST_002388,7/24/2025,Chat,Inquiry,Escalated,3,AGT_004,Robert Brown,45,FALSE
INT_00000833,CUST_002410,2/1/2025,Call,Complaint,Resolved,5,AGT_008,David Moore,39,TRUE
INT_00000834,CUST_002410,6/26/2025,Email,Inquiry,Escalated,2,AGT_002,James Smith,14,TRUE
INT_00000835,CUST_002410,1/24/2025,Call,Support,Resolved,2,AGT_003,Maria Garcia,24,TRUE
INT_00000848,CUST_000894,12/3/2024,Chat,Support,Pending,3,AGT_008,David Moore,31,FALSE
INT_00000855,CUST_000863,12/3/2023,Email,Complaint,Resolved,5,AGT_002,James Smith,12,FALSE
INT_00000856,CUST_000863,4/25/2024,Email,Inquiry,Resolved,4,AGT_004,Robert Brown,56,TRUE
INT_00000857,CUST_000863,12/28/2023,Email,Inquiry,Resolved,4,AGT_005,Emily Davis,45,TRUE
INT_00000859,CUST_000233,10/30/2024,Email,Complaint,Resolved,5,AGT_007,Linda Wilson,6,TRUE
INT_00000860,CUST_001814,7/22/2025,Email,Complaint,Resolved,5,AGT_001,Sarah Johnson,18,TRUE
INT_00000862,CUST_000401,1/15/2025,Chat,Complaint,Resolved,5,AGT_005,Emily Davis,15,FALSE
INT_00000870,CUST_001909,6/20/2024,Branch Visit,Support,Escalated,1,AGT_001,Sarah Johnson,8,FALSE
INT_00000871,CUST_001909,5/13/2024,Call,Complaint,Resolved,3,AGT_001,Sarah Johnson,7,FALSE
INT_00000878,CUST_001589,4/26/2025,Chat,Complaint,Escalated,5,AGT_010,William Anderson,18,TRUE
INT_00000880,CUST_000792,1/27/2025,Call,Complaint,Pending,4,AGT_010,William Anderson,55,FALSE
INT_00000883,CUST_000792,2/17/2025,Email,Complaint,Pending,1,AGT_005,Emily Davis,10,FALSE
INT_00000888,CUST_000792,12/31/2024,Email,Inquiry,Pending,5,AGT_002,James Smith,44,FALSE
INT_00000893,CUST_000105,12/21/2023,Email,Support,Escalated,1,AGT_001,Sarah Johnson,40,TRUE
INT_00000894,CUST_000105,9/18/2023,Email,Complaint,Resolved,3,AGT_001,Sarah Johnson,9,TRUE
INT_00000895,CUST_000105,10/7/2024,Chat,Complaint,Pending,4,AGT_009,Barbara Taylor,39,TRUE
INT_00000897,CUST_002015,2/28/2024,Call,Inquiry,Escalated,3,AGT_001,Sarah Johnson,35,FALSE
INT_00000898,CUST_002081,12/29/2023,Branch Visit,Complaint,Escalated,1,AGT_004,Robert Brown,30,FALSE
INT_00000902,CUST_002182,7/13/2025,Email,Support,Resolved,5,AGT_001,Sarah Johnson,12,TRUE
INT_00000913,CUST_000609,1/3/2025,Email,Support,Escalated,3,AGT_001,Sarah Johnson,20,FALSE
INT_00000915,CUST_000782,7/29/2024,Chat,Support,Escalated,3,AGT_002,James Smith,34,TRUE
INT_00000916,CUST_000782,1/21/2024,Email,Inquiry,Pending,4,AGT_007,Linda Wilson,13,TRUE
INT_00000929,CUST_000775,4/3/2025,Call,Complaint,Pending,5,AGT_001,Sarah Johnson,22,FALSE
INT_00000953,CUST_002232,2/11/2025,Chat,Support,Escalated,3,AGT_002,James Smith,58,FALSE
INT_00000965,CUST_002380,11/9/2024,Call,Support,Resolved,1,AGT_008,David Moore,59,FALSE
INT_00000973,CUST_002290,4/11/2025,Chat,Complaint,Escalated,2,AGT_008,David Moore,53,TRUE
INT_00000976,CUST_000650,3/8/2025,Email,Complaint,Pending,2,AGT_006,Michael Miller,22,TRUE
INT_00000977,CUST_000650,10/10/2024,Branch Visit,Complaint,Resolved,1,AGT_005,Emily Davis,26,TRUE
INT_00000979,CUST_002288,7/1/2025,Chat,Complaint,Escalated,5,AGT_003,Maria Garcia,17,FALSE
INT_00000980,CUST_002288,6/17/2025,Branch Visit,Support,Escalated,2,AGT_003,Maria Garcia,23,FALSE
INT_00000986,CUST_002482,3/27/2025,Chat,Complaint,Resolved,5,AGT_001,Sarah Johnson,56,FALSE
INT_00000987,CUST_002482,5/5/2025,Call,Complaint,Escalated,2,AGT_010,William Anderson,56,TRUE
INT_00001001,CUST_002325,9/6/2024,Branch Visit,Complaint,Escalated,1,AGT_004,Robert Brown,11,FALSE
INT_00001003,CUST_000573,8/2/2023,Email,Complaint,Escalated,2,AGT_010,William Anderson,20,FALSE
INT_00001004,CUST_000525,7/15/2024,Email,Inquiry,Resolved,5,AGT_004,Robert Brown,16,FALSE
INT_00001005,CUST_000525,8/19/2024,Call,Inquiry,Pending,5,AGT_003,Maria Garcia,15,FALSE
INT_00001006,CUST_000525,7/21/2024,Email,Support,Escalated,1,AGT_002,James Smith,56,FALSE
INT_00001013,CUST_001975,7/31/2024,Branch Visit,Support,Pending,3,AGT_003,Maria Garcia,5,TRUE
INT_00001014,CUST_001975,8/9/2024,Branch Visit,Inquiry,Resolved,1,AGT_006,Michael Miller,12,FALSE
INT_00001019,CUST_001197,12/13/2024,Call,Inquiry,Pending,1,AGT_002,James Smith,5,FALSE
INT_00001021,CUST_001197,10/23/2024,Chat,Complaint,Escalated,4,AGT_003,Maria Garcia,16,TRUE
INT_00001022,CUST_001197,2/12/2025,Email,Support,Escalated,4,AGT_004,Robert Brown,26,TRUE
INT_00001023,CUST_001197,4/29/2025,Chat,Support,Pending,1,AGT_004,Robert Brown,38,TRUE
INT_00001024,CUST_001197,6/2/2025,Chat,Inquiry,Pending,4,AGT_001,Sarah Johnson,28,FALSE
INT_00001033,CUST_002378,5/22/2025,Email,Complaint,Resolved,5,AGT_004,Robert Brown,8,FALSE
INT_00001052,CUST_002341,7/17/2024,Branch Visit,Inquiry,Pending,5,AGT_004,Robert Brown,5,TRUE
INT_00001054,CUST_002341,9/5/2024,Call,Complaint,Pending,4,AGT_003,Maria Garcia,45,TRUE
INT_00001058,CUST_000172,7/9/2025,Chat,Inquiry,Resolved,5,AGT_004,Robert Brown,34,TRUE
INT_00001068,CUST_000168,7/31/2024,Call,Support,Pending,2,AGT_009,Barbara Taylor,59,FALSE
INT_00001071,CUST_000168,11/26/2024,Email,Complaint,Escalated,1,AGT_006,Michael Miller,55,FALSE
INT_00001076,CUST_002244,2/4/2025,Email,Support,Resolved,5,AGT_001,Sarah Johnson,15,TRUE
INT_00001077,CUST_001031,1/11/2025,Branch Visit,Inquiry,Resolved,4,AGT_004,Robert Brown,33,TRUE
INT_00001091,CUST_001088,4/1/2024,Branch Visit,Support,Escalated,2,AGT_005,Emily Davis,36,FALSE
INT_00001100,CUST_000456,4/15/2025,Branch Visit,Inquiry,Resolved,4,AGT_008,David Moore,45,FALSE
INT_00001101,CUST_000456,12/24/2024,Email,Support,Pending,5,AGT_005,Emily Davis,58,TRUE
INT_00001112,CUST_000442,4/19/2025,Branch Visit,Inquiry,Escalated,1,AGT_003,Maria Garcia,53,TRUE
INT_00001116,CUST_002215,11/15/2024,Call,Complaint,Pending,4,AGT_002,James Smith,35,FALSE
INT_00001117,CUST_002215,12/15/2023,Chat,Complaint,Pending,3,AGT_003,Maria Garcia,27,TRUE
INT_00001118,CUST_002215,2/27/2025,Chat,Inquiry,Pending,3,AGT_010,William Anderson,48,TRUE
INT_00001120,CUST_002215,1/6/2024,Call,Support,Resolved,3,AGT_009,Barbara Taylor,57,TRUE
INT_00001121,CUST_002215,1/16/2024,Chat,Support,Resolved,4,AGT_004,Robert Brown,55,TRUE
INT_00001122,CUST_002215,5/17/2025,Chat,Complaint,Pending,3,AGT_004,Robert Brown,52,FALSE
INT_00001123,CUST_002215,12/29/2023,Branch Visit,Complaint,Pending,3,AGT_001,Sarah Johnson,53,TRUE
INT_00001124,CUST_002215,1/8/2025,Email,Support,Escalated,2,AGT_010,William Anderson,19,FALSE
INT_00001128,CUST_000382,1/28/2025,Email,Inquiry,Pending,3,AGT_004,Robert Brown,9,FALSE
INT_00001129,CUST_000605,5/29/2025,Chat,Support,Escalated,4,AGT_008,David Moore,13,FALSE
INT_00001135,CUST_001957,6/11/2024,Email,Inquiry,Resolved,5,AGT_001,Sarah Johnson,12,TRUE
INT_00001136,CUST_001957,11/26/2023,Email,Support,Resolved,5,AGT_010,William Anderson,54,TRUE
INT_00001142,CUST_001331,4/6/2025,Email,Support,Resolved,2,AGT_004,Robert Brown,25,FALSE
INT_00001143,CUST_001331,7/23/2025,Call,Inquiry,Escalated,4,AGT_005,Emily Davis,29,FALSE
INT_00001154,CUST_000424,8/22/2024,Branch Visit,Inquiry,Resolved,5,AGT_001,Sarah Johnson,32,TRUE
INT_00001156,CUST_000631,8/22/2023,Call,Complaint,Pending,1,AGT_003,Maria Garcia,54,FALSE
INT_00001159,CUST_000631,8/13/2023,Branch Visit,Support,Escalated,3,AGT_002,James Smith,27,TRUE
INT_00001188,CUST_001018,2/24/2025,Email,Inquiry,Resolved,4,AGT_002,James Smith,44,TRUE
INT_00001189,CUST_002445,5/20/2024,Branch Visit,Inquiry,Escalated,3,AGT_002,James Smith,49,TRUE
INT_00001190,CUST_001052,3/18/2025,Call,Support,Pending,1,AGT_004,Robert Brown,21,TRUE
INT_00001192,CUST_001052,5/20/2025,Branch Visit,Inquiry,Pending,4,AGT_007,Linda Wilson,23,FALSE
INT_00001193,CUST_001520,3/24/2024,Branch Visit,Inquiry,Pending,3,AGT_009,Barbara Taylor,13,TRUE
INT_00001196,CUST_001515,12/31/2024,Email,Support,Resolved,2,AGT_003,Maria Garcia,55,FALSE
INT_00001198,CUST_001515,3/3/2025,Call,Complaint,Escalated,4,AGT_005,Emily Davis,26,FALSE
INT_00001199,CUST_001515,9/8/2024,Branch Visit,Inquiry,Pending,2,AGT_006,Michael Miller,31,FALSE
INT_00001204,CUST_001364,2/28/2025,Email,Complaint,Escalated,3,AGT_001,Sarah Johnson,39,FALSE
INT_00001205,CUST_001364,3/12/2025,Email,Complaint,Pending,1,AGT_007,Linda Wilson,20,FALSE
INT_00001213,CUST_002416,5/1/2025,Call,Support,Resolved,1,AGT_003,Maria Garcia,50,FALSE
INT_00001225,CUST_002047,8/4/2024,Email,Inquiry,Escalated,4,AGT_002,James Smith,25,FALSE
INT_00001232,CUST_002133,2/3/2025,Chat,Complaint,Escalated,3,AGT_009,Barbara Taylor,22,FALSE
INT_00001252,CUST_000253,2/3/2025,Branch Visit,Support,Escalated,1,AGT_003,Maria Garcia,27,TRUE
INT_00001267,CUST_000145,8/15/2024,Email,Inquiry,Pending,1,AGT_001,Sarah Johnson,46,TRUE
INT_00001268,CUST_000120,11/27/2024,Chat,Support,Resolved,3,AGT_001,Sarah Johnson,35,FALSE
INT_00001279,CUST_001001,4/10/2025,Email,Inquiry,Escalated,5,AGT_001,Sarah Johnson,20,TRUE
INT_00001292,CUST_001354,12/15/2024,Branch Visit,Inquiry,Escalated,4,AGT_008,David Moore,45,TRUE
INT_00001295,CUST_002014,11/6/2024,Branch Visit,Inquiry,Pending,3,AGT_001,Sarah Johnson,14,FALSE
INT_00001297,CUST_002014,10/10/2024,Chat,Support,Pending,5,AGT_009,Barbara Taylor,21,TRUE
INT_00001298,CUST_002014,2/16/2025,Email,Inquiry,Escalated,1,AGT_009,Barbara Taylor,60,FALSE
INT_00001299,CUST_002014,8/17/2024,Chat,Inquiry,Pending,3,AGT_003,Maria Garcia,12,TRUE
INT_00001301,CUST_002014,11/10/2024,Chat,Inquiry,Escalated,3,AGT_008,David Moore,45,FALSE
INT_00001309,CUST_000292,5/18/2025,Call,Inquiry,Pending,2,AGT_005,Emily Davis,60,TRUE
INT_00001314,CUST_001966,7/13/2024,Call,Complaint,Escalated,2,AGT_005,Emily Davis,21,FALSE
INT_00001320,CUST_000869,10/29/2024,Email,Complaint,Pending,3,AGT_001,Sarah Johnson,35,FALSE
INT_00001321,CUST_000869,4/7/2025,Email,Inquiry,Pending,2,AGT_002,James Smith,48,FALSE
INT_00001323,CUST_002329,7/10/2024,Email,Complaint,Pending,1,AGT_009,Barbara Taylor,38,FALSE
INT_00001324,CUST_002329,10/1/2024,Branch Visit,Complaint,Resolved,2,AGT_006,Michael Miller,38,TRUE
INT_00001325,CUST_002329,5/14/2025,Branch Visit,Support,Escalated,5,AGT_004,Robert Brown,60,FALSE
INT_00001333,CUST_001940,5/26/2025,Chat,Support,Pending,3,AGT_007,Linda Wilson,55,TRUE
INT_00001334,CUST_001405,5/14/2025,Call,Complaint,Pending,5,AGT_003,Maria Garcia,16,TRUE
INT_00001344,CUST_000910,2/9/2024,Chat,Support,Pending,1,AGT_009,Barbara Taylor,15,TRUE
INT_00001347,CUST_000910,7/19/2024,Chat,Complaint,Pending,2,AGT_001,Sarah Johnson,14,FALSE
INT_00001350,CUST_002157,1/17/2025,Branch Visit,Inquiry,Escalated,2,AGT_002,James Smith,55,TRUE
INT_00001364,CUST_000048,3/18/2025,Branch Visit,Support,Escalated,2,AGT_001,Sarah Johnson,30,TRUE
INT_00001368,CUST_000214,10/25/2024,Call,Inquiry,Resolved,1,AGT_003,Maria Garcia,33,FALSE
INT_00001369,CUST_000214,5/27/2024,Call,Inquiry,Resolved,5,AGT_001,Sarah Johnson,52,FALSE
INT_00001370,CUST_000938,1/14/2025,Email,Support,Escalated,4,AGT_007,Linda Wilson,45,TRUE
INT_00001373,CUST_001584,2/18/2025,Chat,Support,Resolved,5,AGT_005,Emily Davis,35,TRUE
INT_00001374,CUST_001241,5/3/2024,Email,Support,Pending,1,AGT_009,Barbara Taylor,43,TRUE
INT_00001377,CUST_002358,11/24/2024,Email,Complaint,Resolved,4,AGT_004,Robert Brown,35,FALSE
INT_00001379,CUST_000885,5/11/2025,Call,Complaint,Escalated,2,AGT_004,Robert Brown,13,TRUE
INT_00001388,CUST_001923,7/8/2023,Chat,Inquiry,Pending,3,AGT_006,Michael Miller,7,FALSE
INT_00001390,CUST_001923,6/25/2024,Call,Complaint,Escalated,2,AGT_001,Sarah Johnson,35,FALSE
INT_00001392,CUST_001923,4/22/2023,Chat,Support,Pending,1,AGT_006,Michael Miller,38,TRUE
INT_00001395,CUST_000049,4/11/2025,Branch Visit,Complaint,Escalated,5,AGT_002,James Smith,56,FALSE
INT_00001401,CUST_001880,12/1/2024,Branch Visit,Complaint,Pending,3,AGT_010,William Anderson,25,TRUE
INT_00001403,CUST_001880,7/19/2024,Branch Visit,Complaint,Pending,2,AGT_001,Sarah Johnson,60,FALSE
INT_00001404,CUST_001880,8/9/2024,Email,Support,Pending,1,AGT_002,James Smith,36,FALSE
INT_00001412,CUST_001959,2/8/2025,Chat,Complaint,Escalated,3,AGT_006,Michael Miller,14,TRUE
INT_00001413,CUST_001959,8/10/2024,Chat,Support,Pending,2,AGT_004,Robert Brown,57,TRUE
INT_00001419,CUST_001389,4/24/2025,Email,Inquiry,Pending,3,AGT_009,Barbara Taylor,31,TRUE
INT_00001423,CUST_000221,10/10/2023,Email,Support,Resolved,2,AGT_006,Michael Miller,43,FALSE
INT_00001424,CUST_000221,6/13/2024,Call,Support,Escalated,3,AGT_005,Emily Davis,25,FALSE
INT_00001428,CUST_000354,7/14/2025,Chat,Inquiry,Resolved,1,AGT_007,Linda Wilson,48,FALSE
INT_00001433,CUST_000080,4/5/2025,Call,Support,Resolved,3,AGT_004,Robert Brown,9,FALSE
INT_00001434,CUST_000080,8/1/2024,Branch Visit,Inquiry,Escalated,2,AGT_005,Emily Davis,55,FALSE
INT_00001445,CUST_000425,6/23/2025,Call,Support,Resolved,3,AGT_004,Robert Brown,31,FALSE
INT_00001448,CUST_002131,1/28/2025,Branch Visit,Inquiry,Pending,4,AGT_003,Maria Garcia,41,FALSE
INT_00001450,CUST_002131,6/11/2024,Branch Visit,Support,Resolved,2,AGT_003,Maria Garcia,23,TRUE
INT_00001452,CUST_002131,4/1/2025,Call,Support,Pending,5,AGT_009,Barbara Taylor,38,FALSE
INT_00001453,CUST_002131,2/7/2025,Email,Complaint,Pending,3,AGT_004,Robert Brown,53,FALSE
INT_00001458,CUST_000428,8/19/2024,Branch Visit,Complaint,Resolved,2,AGT_006,Michael Miller,50,FALSE
INT_00001459,CUST_000428,5/8/2025,Branch Visit,Support,Resolved,3,AGT_001,Sarah Johnson,60,FALSE
INT_00001467,CUST_000937,7/2/2025,Chat,Support,Escalated,2,AGT_002,James Smith,45,FALSE
INT_00001468,CUST_000937,1/19/2024,Branch Visit,Support,Resolved,2,AGT_006,Michael Miller,54,TRUE
INT_00001469,CUST_000937,4/16/2023,Call,Inquiry,Escalated,3,AGT_002,James Smith,40,TRUE
INT_00001470,CUST_002192,12/25/2024,Chat,Support,Escalated,5,AGT_008,David Moore,56,FALSE
INT_00001473,CUST_002148,5/5/2025,Email,Complaint,Escalated,4,AGT_008,David Moore,37,TRUE
INT_00001477,CUST_000336,8/10/2023,Branch Visit,Inquiry,Resolved,2,AGT_003,Maria Garcia,12,TRUE
INT_00001478,CUST_000336,2/11/2025,Chat,Complaint,Pending,4,AGT_001,Sarah Johnson,30,FALSE
INT_00001479,CUST_000336,3/2/2025,Branch Visit,Complaint,Escalated,2,AGT_007,Linda Wilson,27,FALSE
INT_00001480,CUST_000336,9/11/2024,Chat,Inquiry,Escalated,3,AGT_003,Maria Garcia,8,FALSE
INT_00001481,CUST_000336,5/27/2025,Call,Inquiry,Resolved,2,AGT_006,Michael Miller,53,FALSE
INT_00001482,CUST_000336,7/14/2023,Branch Visit,Complaint,Pending,4,AGT_001,Sarah Johnson,16,FALSE
INT_00001483,CUST_000336,8/19/2023,Call,Inquiry,Pending,3,AGT_004,Robert Brown,26,TRUE
INT_00001484,CUST_000336,7/27/2025,Chat,Inquiry,Pending,1,AGT_003,Maria Garcia,21,FALSE
INT_00001485,CUST_000336,9/7/2023,Chat,Support,Resolved,5,AGT_006,Michael Miller,43,FALSE
INT_00001490,CUST_001869,5/28/2023,Chat,Complaint,Resolved,1,AGT_006,Michael Miller,50,FALSE
INT_00001518,CUST_002029,2/20/2025,Call,Complaint,Resolved,4,AGT_007,Linda Wilson,37,FALSE
INT_00001519,CUST_002145,3/20/2025,Email,Complaint,Pending,4,AGT_003,Maria Garcia,30,TRUE
INT_00001520,CUST_002145,1/16/2025,Email,Inquiry,Pending,2,AGT_007,Linda Wilson,60,FALSE
INT_00001526,CUST_001547,12/29/2024,Chat,Complaint,Pending,4,AGT_004,Robert Brown,28,TRUE
INT_00001544,CUST_000474,5/31/2025,Branch Visit,Complaint,Escalated,5,AGT_005,Emily Davis,17,TRUE
INT_00001546,CUST_001205,8/30/2024,Chat,Support,Resolved,5,AGT_001,Sarah Johnson,18,TRUE
INT_00001569,CUST_001222,7/13/2025,Chat,Inquiry,Escalated,4,AGT_002,James Smith,18,FALSE
INT_00001595,CUST_000301,3/19/2025,Email,Inquiry,Pending,5,AGT_004,Robert Brown,53,FALSE
INT_00001596,CUST_000231,4/22/2024,Call,Complaint,Pending,4,AGT_004,Robert Brown,14,FALSE
INT_00001597,CUST_000231,4/19/2024,Email,Complaint,Pending,4,AGT_007,Linda Wilson,8,FALSE
INT_00001598,CUST_002459,11/18/2023,Call,Support,Resolved,2,AGT_004,Robert Brown,52,TRUE
INT_00001606,CUST_000984,4/16/2025,Call,Inquiry,Resolved,5,AGT_007,Linda Wilson,53,TRUE
INT_00001612,CUST_002257,7/27/2025,Email,Complaint,Pending,2,AGT_003,Maria Garcia,19,FALSE
INT_00001614,CUST_000856,10/6/2024,Call,Support,Pending,3,AGT_002,James Smith,43,TRUE
INT_00001630,CUST_001839,7/18/2025,Email,Complaint,Escalated,4,AGT_006,Michael Miller,5,TRUE
INT_00001635,CUST_000258,6/3/2025,Chat,Inquiry,Pending,2,AGT_003,Maria Garcia,25,FALSE
INT_00001636,CUST_000258,3/12/2025,Call,Inquiry,Resolved,4,AGT_008,David Moore,5,FALSE
INT_00001645,CUST_001337,1/16/2025,Branch Visit,Support,Escalated,1,AGT_010,William Anderson,26,FALSE
INT_00001654,CUST_001534,10/25/2023,Call,Inquiry,Pending,2,AGT_003,Maria Garcia,44,TRUE
INT_00001655,CUST_001534,11/25/2024,Email,Complaint,Escalated,4,AGT_010,William Anderson,51,TRUE
INT_00001656,CUST_002138,10/4/2024,Chat,Inquiry,Escalated,5,AGT_007,Linda Wilson,6,TRUE
INT_00001657,CUST_002138,11/6/2024,Chat,Support,Escalated,3,AGT_001,Sarah Johnson,11,FALSE
INT_00001658,CUST_000373,7/25/2024,Chat,Inquiry,Escalated,3,AGT_004,Robert Brown,33,TRUE
INT_00001660,CUST_000373,1/20/2025,Call,Support,Pending,3,AGT_009,Barbara Taylor,49,FALSE
INT_00001661,CUST_000373,3/5/2025,Branch Visit,Inquiry,Resolved,3,AGT_001,Sarah Johnson,8,TRUE
INT_00001674,CUST_000586,12/13/2023,Chat,Complaint,Escalated,3,AGT_001,Sarah Johnson,12,FALSE
INT_00001691,CUST_001506,4/22/2025,Branch Visit,Complaint,Escalated,4,AGT_001,Sarah Johnson,41,FALSE
INT_00001693,CUST_001506,3/6/2025,Call,Support,Resolved,5,AGT_001,Sarah Johnson,43,TRUE
INT_00001696,CUST_001097,3/7/2025,Chat,Inquiry,Resolved,4,AGT_003,Maria Garcia,6,FALSE
INT_00001697,CUST_001821,5/6/2025,Branch Visit,Support,Escalated,2,AGT_007,Linda Wilson,42,FALSE
INT_00001715,CUST_002370,1/18/2025,Call,Support,Pending,4,AGT_007,Linda Wilson,43,TRUE
INT_00001716,CUST_002370,5/19/2025,Chat,Complaint,Resolved,1,AGT_003,Maria Garcia,27,FALSE
INT_00001719,CUST_002370,4/1/2025,Chat,Support,Resolved,5,AGT_001,Sarah Johnson,54,FALSE
INT_00001722,CUST_001932,1/14/2025,Chat,Support,Escalated,5,AGT_001,Sarah Johnson,49,TRUE
INT_00001723,CUST_002026,2/24/2025,Chat,Inquiry,Resolved,3,AGT_001,Sarah Johnson,11,TRUE
INT_00001727,CUST_000309,7/6/2025,Chat,Complaint,Pending,2,AGT_005,Emily Davis,57,TRUE
INT_00001729,CUST_000326,5/12/2025,Email,Support,Resolved,5,AGT_003,Maria Garcia,35,FALSE
INT_00001730,CUST_001420,6/28/2024,Email,Inquiry,Pending,5,AGT_005,Emily Davis,8,TRUE
INT_00001734,CUST_001420,1/22/2025,Email,Inquiry,Escalated,3,AGT_006,Michael Miller,37,TRUE
INT_00001736,CUST_001420,10/15/2024,Email,Support,Escalated,5,AGT_008,David Moore,41,FALSE
INT_00001738,CUST_001420,3/6/2025,Branch Visit,Inquiry,Pending,4,AGT_007,Linda Wilson,44,TRUE
INT_00001742,CUST_002439,5/11/2024,Call,Inquiry,Escalated,1,AGT_002,James Smith,5,FALSE
INT_00001745,CUST_002439,5/29/2025,Chat,Support,Pending,4,AGT_002,James Smith,25,TRUE
INT_00001750,CUST_001521,12/15/2024,Call,Inquiry,Resolved,2,AGT_001,Sarah Johnson,50,FALSE
INT_00001751,CUST_001521,2/22/2025,Email,Inquiry,Escalated,2,AGT_002,James Smith,35,TRUE
INT_00001755,CUST_002502,7/27/2025,Email,Support,Escalated,4,AGT_003,Maria Garcia,42,FALSE
INT_00001761,CUST_000864,4/16/2025,Call,Complaint,Resolved,4,AGT_003,Maria Garcia,56,FALSE
INT_00001768,CUST_002086,5/16/2025,Branch Visit,Complaint,Resolved,3,AGT_010,William Anderson,9,FALSE
INT_00001770,CUST_001847,1/2/2025,Branch Visit,Inquiry,Escalated,1,AGT_002,James Smith,23,TRUE
INT_00001771,CUST_001847,5/24/2025,Chat,Inquiry,Pending,2,AGT_005,Emily Davis,54,TRUE
INT_00001772,CUST_001847,1/2/2025,Branch Visit,Inquiry,Resolved,1,AGT_004,Robert Brown,49,FALSE
INT_00001778,CUST_002504,12/23/2023,Email,Inquiry,Resolved,3,AGT_005,Emily Davis,47,TRUE
INT_00001789,CUST_000859,6/8/2025,Call,Complaint,Escalated,1,AGT_003,Maria Garcia,56,FALSE
INT_00001792,CUST_000749,3/3/2025,Call,Support,Escalated,2,AGT_003,Maria Garcia,5,TRUE
INT_00001794,CUST_000749,4/27/2025,Branch Visit,Support,Escalated,2,AGT_006,Michael Miller,46,FALSE
INT_00001796,CUST_002114,7/24/2024,Call,Inquiry,Pending,1,AGT_003,Maria Garcia,53,TRUE
INT_00001823,CUST_000837,3/26/2024,Email,Complaint,Escalated,1,AGT_003,Maria Garcia,14,FALSE
INT_00001831,CUST_000854,5/3/2025,Call,Support,Pending,3,AGT_009,Barbara Taylor,49,FALSE
INT_00001832,CUST_001677,6/22/2024,Chat,Complaint,Pending,1,AGT_007,Linda Wilson,7,FALSE
INT_00001836,CUST_001677,9/30/2024,Email,Complaint,Resolved,2,AGT_003,Maria Garcia,25,TRUE
INT_00001839,CUST_002052,12/15/2024,Branch Visit,Complaint,Pending,4,AGT_006,Michael Miller,7,TRUE
INT_00001841,CUST_002052,5/6/2025,Email,Inquiry,Resolved,5,AGT_001,Sarah Johnson,36,TRUE
INT_00001846,CUST_002052,2/25/2025,Email,Inquiry,Escalated,4,AGT_004,Robert Brown,16,TRUE
INT_00001848,CUST_000040,12/5/2023,Call,Complaint,Pending,2,AGT_005,Emily Davis,51,TRUE
INT_00001849,CUST_000040,11/24/2024,Chat,Complaint,Pending,2,AGT_006,Michael Miller,25,TRUE
INT_00001851,CUST_000040,1/7/2024,Chat,Complaint,Pending,1,AGT_005,Emily Davis,43,FALSE
INT_00001852,CUST_000040,2/21/2025,Call,Complaint,Resolved,1,AGT_001,Sarah Johnson,38,TRUE
INT_00001853,CUST_000040,7/17/2024,Chat,Complaint,Pending,1,AGT_005,Emily Davis,51,FALSE
INT_00001855,CUST_000040,8/9/2024,Email,Complaint,Pending,3,AGT_003,Maria Garcia,39,FALSE
INT_00001862,CUST_002331,6/15/2024,Call,Inquiry,Pending,1,AGT_003,Maria Garcia,36,TRUE
INT_00001864,CUST_000544,5/28/2025,Call,Inquiry,Resolved,3,AGT_003,Maria Garcia,22,FALSE
INT_00001866,CUST_002342,11/28/2023,Branch Visit,Complaint,Escalated,1,AGT_003,Maria Garcia,35,FALSE
INT_00001871,CUST_002125,7/10/2025,Email,Inquiry,Pending,3,AGT_005,Emily Davis,30,FALSE
INT_00001874,CUST_001673,4/25/2023,Call,Complaint,Pending,3,AGT_010,William Anderson,11,TRUE
INT_00001875,CUST_001673,12/15/2023,Email,Inquiry,Escalated,2,AGT_005,Emily Davis,39,TRUE
INT_00001877,CUST_000702,11/6/2024,Email,Complaint,Pending,3,AGT_006,Michael Miller,32,FALSE
INT_00001878,CUST_000702,4/23/2025,Email,Support,Resolved,4,AGT_009,Barbara Taylor,8,TRUE
INT_00001882,CUST_000702,10/4/2024,Branch Visit,Complaint,Resolved,1,AGT_006,Michael Miller,57,FALSE
INT_00001885,CUST_000363,6/12/2024,Call,Complaint,Pending,5,AGT_001,Sarah Johnson,27,FALSE
INT_00001886,CUST_000363,3/2/2024,Chat,Inquiry,Resolved,3,AGT_009,Barbara Taylor,7,TRUE
INT_00001891,CUST_000945,11/7/2024,Branch Visit,Complaint,Escalated,3,AGT_008,David Moore,41,TRUE
INT_00001893,CUST_000945,9/6/2024,Call,Complaint,Escalated,3,AGT_001,Sarah Johnson,21,TRUE
INT_00001932,CUST_001099,3/13/2025,Chat,Inquiry,Resolved,5,AGT_002,James Smith,30,TRUE
INT_00001936,CUST_000535,2/4/2025,Branch Visit,Support,Escalated,2,AGT_001,Sarah Johnson,18,FALSE
INT_00001938,CUST_000535,6/8/2025,Call,Inquiry,Resolved,4,AGT_003,Maria Garcia,14,TRUE
INT_00001939,CUST_000535,7/5/2025,Call,Complaint,Escalated,1,AGT_002,James Smith,32,FALSE
INT_00001940,CUST_000535,5/17/2025,Chat,Support,Resolved,4,AGT_001,Sarah Johnson,27,TRUE
INT_00001942,CUST_002281,12/16/2024,Email,Complaint,Pending,5,AGT_006,Michael Miller,18,FALSE
INT_00001944,CUST_000008,5/2/2025,Branch Visit,Inquiry,Resolved,4,AGT_007,Linda Wilson,30,FALSE
INT_00001945,CUST_000008,2/21/2025,Chat,Complaint,Pending,1,AGT_001,Sarah Johnson,15,FALSE
INT_00001954,CUST_002092,10/10/2024,Email,Complaint,Resolved,2,AGT_004,Robert Brown,6,FALSE
INT_00001973,CUST_001866,6/27/2025,Branch Visit,Inquiry,Resolved,5,AGT_004,Robert Brown,60,TRUE
INT_00001975,CUST_001866,7/29/2024,Chat,Support,Escalated,4,AGT_004,Robert Brown,39,TRUE
INT_00001976,CUST_002430,6/11/2025,Chat,Complaint,Pending,4,AGT_003,Maria Garcia,38,FALSE
INT_00001979,CUST_000959,1/26/2024,Branch Visit,Inquiry,Resolved,5,AGT_010,William Anderson,12,TRUE
INT_00001980,CUST_000939,4/19/2024,Email,Inquiry,Escalated,3,AGT_008,David Moore,47,TRUE
INT_00001983,CUST_002173,11/2/2024,Branch Visit,Inquiry,Resolved,5,AGT_006,Michael Miller,46,TRUE
INT_00001985,CUST_001886,7/20/2024,Email,Support,Pending,2,AGT_006,Michael Miller,41,FALSE
INT_00001986,CUST_001886,6/24/2024,Email,Inquiry,Resolved,5,AGT_001,Sarah Johnson,12,TRUE
INT_00001988,CUST_001886,2/5/2025,Call,Complaint,Escalated,3,AGT_009,Barbara Taylor,8,FALSE
INT_00001990,CUST_000889,2/2/2025,Call,Inquiry,Resolved,1,AGT_005,Emily Davis,44,FALSE
INT_00001992,CUST_000177,4/16/2025,Email,Inquiry,Resolved,5,AGT_005,Emily Davis,44,FALSE
INT_00002000,CUST_002314,4/7/2025,Call,Complaint,Escalated,1,AGT_003,Maria Garcia,55,FALSE
INT_00002002,CUST_001243,7/20/2024,Email,Support,Pending,3,AGT_005,Emily Davis,34,FALSE
INT_00002007,CUST_002010,1/23/2025,Chat,Support,Resolved,2,AGT_004,Robert Brown,20,FALSE
INT_00002017,CUST_000628,1/23/2025,Chat,Complaint,Pending,1,AGT_004,Robert Brown,59,FALSE
INT_00002018,CUST_000628,1/2/2025,Chat,Support,Pending,3,AGT_001,Sarah Johnson,55,TRUE
INT_00002019,CUST_000318,7/22/2023,Chat,Complaint,Escalated,1,AGT_008,David Moore,15,FALSE
INT_00002021,CUST_000318,2/21/2024,Branch Visit,Complaint,Pending,3,AGT_008,David Moore,45,FALSE
INT_00002025,CUST_000817,8/16/2024,Call,Complaint,Resolved,3,AGT_002,James Smith,45,FALSE
INT_00002028,CUST_000817,5/22/2025,Branch Visit,Complaint,Escalated,2,AGT_010,William Anderson,42,FALSE
INT_00002030,CUST_000817,7/21/2025,Email,Support,Escalated,2,AGT_004,Robert Brown,40,TRUE
INT_00002034,CUST_001070,4/10/2024,Email,Complaint,Escalated,2,AGT_001,Sarah Johnson,18,FALSE
INT_00002037,CUST_001630,2/4/2025,Call,Support,Escalated,4,AGT_005,Emily Davis,17,FALSE
INT_00002038,CUST_001630,4/18/2025,Chat,Complaint,Escalated,1,AGT_010,William Anderson,59,TRUE
INT_00002041,CUST_002432,11/26/2023,Call,Complaint,Resolved,2,AGT_004,Robert Brown,45,TRUE
INT_00002042,CUST_002432,5/10/2025,Chat,Inquiry,Escalated,5,AGT_003,Maria Garcia,53,FALSE
INT_00002043,CUST_000280,8/29/2024,Email,Inquiry,Pending,1,AGT_006,Michael Miller,44,FALSE
INT_00002048,CUST_000822,4/11/2025,Chat,Inquiry,Pending,3,AGT_002,James Smith,13,TRUE
INT_00002069,CUST_001549,5/30/2024,Call,Support,Resolved,5,AGT_010,William Anderson,32,TRUE
INT_00002071,CUST_001956,5/29/2025,Branch Visit,Support,Pending,2,AGT_004,Robert Brown,9,TRUE
INT_00002080,CUST_000055,7/26/2025,Call,Complaint,Pending,5,AGT_003,Maria Garcia,14,FALSE
INT_00002082,CUST_002333,10/3/2024,Call,Inquiry,Resolved,4,AGT_003,Maria Garcia,19,FALSE
INT_00002083,CUST_000700,4/29/2025,Chat,Inquiry,Escalated,5,AGT_006,Michael Miller,50,FALSE
INT_00002085,CUST_000402,8/19/2023,Call,Complaint,Resolved,2,AGT_002,James Smith,29,FALSE
INT_00002086,CUST_002465,10/28/2024,Call,Support,Escalated,5,AGT_005,Emily Davis,5,FALSE
INT_00002091,CUST_000153,12/20/2024,Email,Support,Pending,1,AGT_006,Michael Miller,32,FALSE
INT_00002098,CUST_001322,5/12/2025,Branch Visit,Support,Pending,5,AGT_003,Maria Garcia,17,FALSE
INT_00002101,CUST_002200,1/13/2024,Chat,Inquiry,Resolved,1,AGT_006,Michael Miller,21,FALSE
INT_00002102,CUST_002200,9/10/2023,Chat,Inquiry,Resolved,1,AGT_002,James Smith,31,TRUE
INT_00002103,CUST_000069,9/13/2023,Branch Visit,Inquiry,Pending,1,AGT_004,Robert Brown,5,TRUE
INT_00002104,CUST_000069,4/8/2024,Email,Inquiry,Resolved,2,AGT_003,Maria Garcia,47,TRUE
INT_00002105,CUST_000069,5/28/2025,Email,Inquiry,Resolved,1,AGT_004,Robert Brown,16,TRUE
INT_00002108,CUST_000686,12/7/2024,Chat,Support,Escalated,3,AGT_005,Emily Davis,12,FALSE
INT_00002109,CUST_000686,6/18/2025,Email,Support,Escalated,2,AGT_002,James Smith,52,FALSE
INT_00002117,CUST_001469,4/5/2024,Chat,Complaint,Resolved,5,AGT_006,Michael Miller,25,FALSE
INT_00002123,CUST_001056,6/29/2025,Call,Support,Pending,4,AGT_005,Emily Davis,55,FALSE
INT_00002125,CUST_000022,2/28/2025,Chat,Complaint,Escalated,4,AGT_008,David Moore,34,TRUE
INT_00002128,CUST_001628,4/6/2025,Branch Visit,Inquiry,Escalated,4,AGT_002,James Smith,24,TRUE
INT_00002137,CUST_002274,6/26/2025,Branch Visit,Complaint,Resolved,2,AGT_006,Michael Miller,60,TRUE
INT_00002138,CUST_002274,5/24/2025,Branch Visit,Support,Escalated,2,AGT_004,Robert Brown,47,TRUE
INT_00002144,CUST_002163,5/14/2025,Chat,Complaint,Pending,3,AGT_008,David Moore,27,FALSE
INT_00002146,CUST_002163,7/12/2025,Chat,Support,Resolved,2,AGT_003,Maria Garcia,35,TRUE
INT_00002149,CUST_000626,9/21/2024,Branch Visit,Inquiry,Escalated,1,AGT_001,Sarah Johnson,8,FALSE
INT_00002152,CUST_001183,1/16/2025,Branch Visit,Complaint,Resolved,3,AGT_006,Michael Miller,56,FALSE
INT_00002153,CUST_001183,10/14/2024,Email,Inquiry,Escalated,2,AGT_001,Sarah Johnson,17,TRUE
INT_00002157,CUST_001183,4/9/2024,Branch Visit,Inquiry,Pending,5,AGT_002,James Smith,17,FALSE
INT_00002169,CUST_000955,9/15/2023,Email,Support,Pending,3,AGT_002,James Smith,42,TRUE
INT_00002170,CUST_000955,12/31/2023,Email,Complaint,Escalated,1,AGT_004,Robert Brown,24,FALSE
INT_00002171,CUST_001194,2/27/2025,Call,Support,Escalated,1,AGT_003,Maria Garcia,58,TRUE
INT_00002174,CUST_001073,11/23/2024,Email,Support,Pending,1,AGT_002,James Smith,11,TRUE
INT_00002175,CUST_001073,12/18/2024,Call,Support,Resolved,2,AGT_007,Linda Wilson,23,FALSE
INT_00002177,CUST_002054,4/13/2025,Branch Visit,Support,Resolved,1,AGT_004,Robert Brown,56,TRUE
INT_00002186,CUST_001561,3/3/2024,Branch Visit,Inquiry,Escalated,3,AGT_005,Emily Davis,15,TRUE
INT_00002188,CUST_001561,12/23/2023,Email,Inquiry,Resolved,4,AGT_004,Robert Brown,14,TRUE
INT_00002192,CUST_000274,2/25/2025,Chat,Complaint,Escalated,4,AGT_002,James Smith,15,FALSE
INT_00002193,CUST_000274,12/1/2024,Call,Support,Resolved,4,AGT_003,Maria Garcia,5,FALSE
INT_00002194,CUST_002456,7/6/2025,Call,Support,Resolved,5,AGT_004,Robert Brown,60,FALSE
INT_00002197,CUST_001403,7/16/2024,Chat,Complaint,Pending,1,AGT_008,David Moore,28,FALSE
INT_00002202,CUST_002421,2/7/2025,Call,Support,Resolved,4,AGT_009,Barbara Taylor,31,TRUE
INT_00002206,CUST_001377,9/20/2024,Branch Visit,Complaint,Pending,3,AGT_003,Maria Garcia,21,FALSE
INT_00002207,CUST_001377,1/30/2025,Call,Inquiry,Resolved,3,AGT_002,James Smith,31,TRUE
INT_00002209,CUST_001973,2/6/2025,Branch Visit,Support,Resolved,4,AGT_003,Maria Garcia,39,TRUE
INT_00002213,CUST_002175,8/16/2024,Email,Inquiry,Resolved,5,AGT_001,Sarah Johnson,15,TRUE
INT_00002214,CUST_002175,4/20/2025,Call,Support,Resolved,3,AGT_003,Maria Garcia,48,TRUE
INT_00002226,CUST_001888,2/21/2025,Chat,Complaint,Escalated,5,AGT_009,Barbara Taylor,13,FALSE
INT_00002228,CUST_001888,2/25/2025,Branch Visit,Inquiry,Escalated,3,AGT_007,Linda Wilson,32,FALSE
INT_00002230,CUST_001888,4/29/2025,Chat,Complaint,Pending,5,AGT_006,Michael Miller,42,TRUE
INT_00002233,CUST_000176,8/30/2024,Chat,Inquiry,Pending,2,AGT_004,Robert Brown,9,TRUE
INT_00002238,CUST_001140,8/21/2024,Call,Support,Pending,3,AGT_004,Robert Brown,34,TRUE
INT_00002239,CUST_001140,4/23/2024,Branch Visit,Inquiry,Escalated,1,AGT_001,Sarah Johnson,46,TRUE
INT_00002241,CUST_001140,6/30/2024,Chat,Support,Resolved,4,AGT_007,Linda Wilson,53,FALSE
INT_00002249,CUST_001724,2/9/2024,Branch Visit,Complaint,Escalated,1,AGT_009,Barbara Taylor,7,TRUE
INT_00002253,CUST_000041,2/15/2025,Branch Visit,Support,Resolved,1,AGT_001,Sarah Johnson,43,TRUE
INT_00002254,CUST_000041,11/15/2024,Email,Complaint,Pending,1,AGT_007,Linda Wilson,13,FALSE
INT_00002259,CUST_001856,2/17/2025,Email,Complaint,Pending,1,AGT_005,Emily Davis,55,FALSE
INT_00002268,CUST_000243,6/3/2025,Email,Inquiry,Escalated,4,AGT_001,Sarah Johnson,47,FALSE
INT_00002269,CUST_000243,9/30/2024,Call,Inquiry,Resolved,5,AGT_001,Sarah Johnson,55,FALSE
INT_00002270,CUST_000243,4/10/2025,Branch Visit,Inquiry,Pending,1,AGT_002,James Smith,54,TRUE
INT_00002271,CUST_000243,1/23/2025,Branch Visit,Support,Escalated,3,AGT_005,Emily Davis,60,FALSE
INT_00002274,CUST_000966,5/28/2025,Call,Complaint,Resolved,1,AGT_003,Maria Garcia,47,FALSE
INT_00002276,CUST_000966,5/1/2025,Email,Support,Resolved,4,AGT_002,James Smith,55,TRUE
INT_00002277,CUST_000966,3/24/2025,Email,Complaint,Pending,3,AGT_004,Robert Brown,24,TRUE
INT_00002281,CUST_002450,11/17/2024,Email,Complaint,Escalated,3,AGT_006,Michael Miller,6,TRUE
INT_00002282,CUST_002450,8/19/2024,Email,Inquiry,Escalated,2,AGT_009,Barbara Taylor,44,TRUE
INT_00002283,CUST_001418,8/12/2024,Branch Visit,Complaint,Escalated,1,AGT_009,Barbara Taylor,28,FALSE
INT_00002289,CUST_001404,8/29/2024,Chat,Inquiry,Escalated,2,AGT_006,Michael Miller,20,FALSE
INT_00002292,CUST_002242,6/17/2025,Email,Support,Pending,3,AGT_006,Michael Miller,45,FALSE
INT_00002300,CUST_000752,2/24/2025,Call,Support,Resolved,5,AGT_007,Linda Wilson,12,TRUE
INT_00002319,CUST_000212,3/30/2025,Branch Visit,Support,Pending,4,AGT_008,David Moore,45,FALSE
INT_00002329,CUST_002500,7/30/2025,Branch Visit,Complaint,Escalated,2,AGT_008,David Moore,54,TRUE
INT_00002333,CUST_002316,7/15/2025,Branch Visit,Complaint,Pending,1,AGT_001,Sarah Johnson,11,FALSE
INT_00002335,CUST_002050,6/6/2025,Branch Visit,Inquiry,Resolved,2,AGT_009,Barbara Taylor,10,FALSE
INT_00002348,CUST_000461,3/21/2025,Call,Inquiry,Pending,5,AGT_010,William Anderson,48,TRUE
INT_00002355,CUST_002068,7/22/2025,Call,Support,Resolved,4,AGT_004,Robert Brown,11,FALSE
INT_00002363,CUST_001186,3/5/2025,Chat,Complaint,Escalated,3,AGT_007,Linda Wilson,33,FALSE
INT_00002375,CUST_000777,5/28/2024,Email,Inquiry,Pending,2,AGT_003,Maria Garcia,32,FALSE
INT_00002379,CUST_002392,6/7/2025,Chat,Support,Escalated,3,AGT_002,James Smith,5,TRUE
INT_00002382,CUST_002392,3/23/2025,Call,Support,Pending,4,AGT_002,James Smith,41,FALSE
INT_00002405,CUST_000072,11/27/2024,Call,Inquiry,Escalated,4,AGT_005,Emily Davis,47,TRUE
INT_00002407,CUST_000072,4/19/2025,Chat,Inquiry,Resolved,3,AGT_009,Barbara Taylor,56,TRUE
INT_00002408,CUST_001169,8/17/2024,Call,Inquiry,Pending,2,AGT_004,Robert Brown,55,FALSE
INT_00002409,CUST_001169,7/21/2024,Branch Visit,Inquiry,Resolved,5,AGT_002,James Smith,41,TRUE
INT_00002412,CUST_000002,3/15/2025,Chat,Inquiry,Pending,1,AGT_001,Sarah Johnson,23,TRUE
INT_00002413,CUST_002359,4/24/2025,Chat,Inquiry,Escalated,3,AGT_006,Michael Miller,44,TRUE
INT_00002419,CUST_000961,2/22/2024,Email,Inquiry,Resolved,3,AGT_007,Linda Wilson,44,FALSE
INT_00002420,CUST_000961,7/22/2024,Branch Visit,Support,Pending,4,AGT_009,Barbara Taylor,39,FALSE
INT_00002421,CUST_000961,9/22/2023,Branch Visit,Inquiry,Resolved,4,AGT_003,Maria Garcia,48,TRUE
INT_00002424,CUST_001665,11/13/2023,Call,Support,Resolved,1,AGT_007,Linda Wilson,7,TRUE
INT_00002425,CUST_000218,9/16/2024,Email,Complaint,Escalated,1,AGT_003,Maria Garcia,35,FALSE
INT_00002426,CUST_000218,10/1/2023,Branch Visit,Complaint,Pending,2,AGT_010,William Anderson,40,TRUE
INT_00002433,CUST_001510,7/20/2024,Branch Visit,Support,Escalated,5,AGT_003,Maria Garcia,21,FALSE
INT_00002439,CUST_002337,4/3/2025,Email,Support,Escalated,5,AGT_009,Barbara Taylor,17,TRUE
INT_00002440,CUST_000058,2/1/2025,Email,Inquiry,Escalated,1,AGT_005,Emily Davis,34,FALSE
INT_00002442,CUST_001488,7/21/2024,Branch Visit,Support,Resolved,4,AGT_003,Maria Garcia,29,TRUE
INT_00002445,CUST_002327,6/23/2025,Chat,Inquiry,Resolved,3,AGT_010,William Anderson,45,FALSE
INT_00002460,CUST_000592,6/24/2025,Email,Support,Resolved,4,AGT_002,James Smith,26,TRUE
INT_00002461,CUST_000592,11/9/2023,Chat,Support,Pending,2,AGT_004,Robert Brown,17,TRUE
INT_00002462,CUST_000592,6/24/2025,Branch Visit,Support,Resolved,1,AGT_002,James Smith,34,FALSE
INT_00002470,CUST_000335,7/31/2023,Chat,Complaint,Escalated,3,AGT_006,Michael Miller,24,FALSE
INT_00002471,CUST_000335,5/22/2023,Email,Inquiry,Resolved,1,AGT_005,Emily Davis,57,TRUE
INT_00002472,CUST_000335,6/11/2024,Chat,Inquiry,Resolved,4,AGT_002,James Smith,21,TRUE
INT_00002474,CUST_000335,9/23/2024,Call,Complaint,Resolved,2,AGT_005,Emily Davis,22,FALSE
INT_00002475,CUST_000335,4/25/2025,Email,Inquiry,Resolved,3,AGT_008,David Moore,17,FALSE
INT_00002476,CUST_000335,3/16/2024,Call,Support,Pending,4,AGT_001,Sarah Johnson,31,TRUE
INT_00002477,CUST_000335,6/12/2025,Email,Inquiry,Pending,3,AGT_010,William Anderson,20,FALSE
INT_00002478,CUST_001970,5/21/2025,Call,Support,Resolved,2,AGT_005,Emily Davis,44,FALSE
INT_00002482,CUST_001562,6/22/2025,Call,Inquiry,Pending,3,AGT_004,Robert Brown,6,TRUE
INT_00002489,CUST_000471,8/31/2023,Branch Visit,Complaint,Escalated,3,AGT_005,Emily Davis,56,TRUE
INT_00002492,CUST_001399,6/11/2025,Chat,Complaint,Pending,2,AGT_005,Emily Davis,24,TRUE
INT_00002494,CUST_001266,6/18/2025,Email,Complaint,Resolved,2,AGT_007,Linda Wilson,5,TRUE
INT_00002495,CUST_002311,2/19/2025,Call,Complaint,Escalated,2,AGT_004,Robert Brown,15,TRUE
INT_00002503,CUST_001653,3/9/2025,Branch Visit,Complaint,Pending,2,AGT_004,Robert Brown,52,TRUE
INT_00002512,CUST_001382,3/13/2025,Branch Visit,Inquiry,Escalated,1,AGT_004,Robert Brown,41,TRUE
INT_00002513,CUST_001382,3/25/2025,Email,Support,Pending,3,AGT_001,Sarah Johnson,15,TRUE
INT_00002515,CUST_001382,1/13/2025,Email,Complaint,Escalated,5,AGT_004,Robert Brown,42,FALSE
INT_00002520,CUST_000964,2/7/2025,Branch Visit,Support,Pending,3,AGT_004,Robert Brown,30,FALSE
INT_00002522,CUST_001279,2/7/2025,Email,Support,Pending,3,AGT_010,William Anderson,60,FALSE
INT_00002527,CUST_001236,1/24/2025,Call,Complaint,Pending,4,AGT_006,Michael Miller,31,TRUE
INT_00002537,CUST_001800,9/9/2024,Branch Visit,Inquiry,Resolved,4,AGT_003,Maria Garcia,37,FALSE
INT_00002539,CUST_001800,11/4/2024,Call,Support,Escalated,1,AGT_006,Michael Miller,7,TRUE
INT_00002540,CUST_001800,6/15/2024,Email,Inquiry,Resolved,3,AGT_004,Robert Brown,28,FALSE
INT_00002541,CUST_001800,6/17/2024,Chat,Complaint,Escalated,1,AGT_001,Sarah Johnson,35,FALSE
INT_00002542,CUST_001864,4/12/2025,Call,Complaint,Resolved,3,AGT_002,James Smith,57,TRUE
INT_00002543,CUST_001864,7/5/2025,Call,Inquiry,Escalated,2,AGT_006,Michael Miller,9,FALSE
INT_00002544,CUST_001340,3/25/2025,Email,Complaint,Resolved,3,AGT_005,Emily Davis,6,FALSE
INT_00002545,CUST_001340,3/5/2025,Chat,Complaint,Resolved,3,AGT_001,Sarah Johnson,8,FALSE
INT_00002548,CUST_001311,8/18/2024,Chat,Complaint,Pending,4,AGT_003,Maria Garcia,33,FALSE
INT_00002549,CUST_000472,6/9/2025,Call,Inquiry,Resolved,1,AGT_002,James Smith,27,TRUE
INT_00002556,CUST_001219,12/16/2023,Chat,Complaint,Resolved,1,AGT_008,David Moore,36,TRUE
INT_00002561,CUST_000925,7/18/2025,Branch Visit,Complaint,Escalated,1,AGT_006,Michael Miller,52,TRUE
INT_00002562,CUST_000925,1/31/2025,Call,Support,Escalated,1,AGT_009,Barbara Taylor,58,FALSE
INT_00002564,CUST_002153,4/4/2025,Branch Visit,Support,Escalated,1,AGT_010,William Anderson,13,TRUE
INT_00002565,CUST_002153,3/31/2025,Branch Visit,Inquiry,Escalated,1,AGT_003,Maria Garcia,60,FALSE
INT_00002569,CUST_001557,9/30/2024,Chat,Support,Resolved,1,AGT_008,David Moore,26,TRUE
INT_00002570,CUST_001890,10/15/2023,Email,Support,Pending,2,AGT_006,Michael Miller,14,FALSE
INT_00002571,CUST_001890,4/3/2024,Email,Complaint,Pending,4,AGT_004,Robert Brown,44,TRUE
INT_00002572,CUST_001890,7/14/2024,Branch Visit,Inquiry,Resolved,4,AGT_004,Robert Brown,36,TRUE
INT_00002576,CUST_000710,4/16/2023,Branch Visit,Complaint,Resolved,1,AGT_006,Michael Miller,10,FALSE
INT_00002584,CUST_000310,3/18/2025,Call,Support,Escalated,3,AGT_003,Maria Garcia,46,TRUE
INT_00002594,CUST_001261,1/12/2025,Chat,Inquiry,Escalated,1,AGT_010,William Anderson,55,TRUE
INT_00002596,CUST_001261,7/20/2025,Chat,Inquiry,Escalated,3,AGT_006,Michael Miller,60,TRUE
INT_00002597,CUST_001261,6/14/2025,Email,Support,Escalated,3,AGT_001,Sarah Johnson,20,FALSE
INT_00002606,CUST_002076,3/19/2025,Chat,Inquiry,Pending,5,AGT_004,Robert Brown,12,FALSE
INT_00002613,CUST_001371,5/20/2024,Branch Visit,Support,Pending,2,AGT_007,Linda Wilson,60,TRUE
INT_00002614,CUST_001371,9/28/2024,Email,Support,Pending,1,AGT_004,Robert Brown,27,TRUE
INT_00002616,CUST_001699,3/14/2025,Branch Visit,Complaint,Resolved,3,AGT_003,Maria Garcia,51,TRUE
INT_00002618,CUST_000340,9/12/2024,Chat,Inquiry,Escalated,3,AGT_002,James Smith,34,FALSE
INT_00002619,CUST_000340,4/4/2025,Branch Visit,Inquiry,Escalated,2,AGT_001,Sarah Johnson,18,FALSE
INT_00002622,CUST_000577,1/14/2025,Call,Inquiry,Resolved,1,AGT_007,Linda Wilson,12,FALSE
INT_00002636,CUST_001473,6/10/2024,Chat,Inquiry,Escalated,3,AGT_007,Linda Wilson,18,TRUE
INT_00002638,CUST_000433,12/26/2024,Email,Inquiry,Pending,1,AGT_004,Robert Brown,19,TRUE
INT_00002648,CUST_000751,7/31/2024,Branch Visit,Complaint,Resolved,1,AGT_007,Linda Wilson,21,FALSE
INT_00002649,CUST_000191,10/24/2024,Call,Complaint,Resolved,4,AGT_006,Michael Miller,43,FALSE
INT_00002651,CUST_000191,3/26/2025,Chat,Inquiry,Escalated,5,AGT_007,Linda Wilson,26,FALSE
INT_00002662,CUST_000940,2/11/2025,Call,Complaint,Pending,5,AGT_006,Michael Miller,29,TRUE
INT_00002667,CUST_001640,4/29/2023,Call,Complaint,Pending,2,AGT_009,Barbara Taylor,57,TRUE
INT_00002674,CUST_002294,1/7/2025,Email,Complaint,Escalated,3,AGT_001,Sarah Johnson,18,TRUE
INT_00002684,CUST_001519,7/3/2025,Email,Inquiry,Pending,3,AGT_002,James Smith,35,TRUE
INT_00002688,CUST_001175,1/19/2025,Branch Visit,Support,Escalated,4,AGT_010,William Anderson,17,TRUE
INT_00002689,CUST_001175,7/31/2024,Email,Complaint,Pending,4,AGT_009,Barbara Taylor,25,TRUE
INT_00002691,CUST_002225,10/28/2024,Call,Complaint,Escalated,3,AGT_002,James Smith,52,TRUE
INT_00002692,CUST_002394,5/20/2025,Call,Complaint,Pending,1,AGT_002,James Smith,49,FALSE
INT_00002697,CUST_001681,4/6/2025,Chat,Inquiry,Resolved,3,AGT_003,Maria Garcia,55,FALSE
INT_00002698,CUST_001681,6/30/2025,Branch Visit,Support,Resolved,5,AGT_004,Robert Brown,32,FALSE
INT_00002699,CUST_001681,1/25/2025,Email,Inquiry,Pending,3,AGT_010,William Anderson,51,FALSE
INT_00002701,CUST_000236,1/21/2025,Branch Visit,Inquiry,Escalated,2,AGT_005,Emily Davis,6,FALSE
INT_00002702,CUST_000236,7/27/2025,Call,Inquiry,Escalated,2,AGT_008,David Moore,23,TRUE
INT_00002703,CUST_001523,1/18/2025,Email,Complaint,Resolved,1,AGT_005,Emily Davis,22,FALSE
INT_00002704,CUST_001385,9/18/2024,Chat,Complaint,Escalated,3,AGT_001,Sarah Johnson,47,FALSE
INT_00002705,CUST_001385,12/31/2024,Email,Complaint,Resolved,5,AGT_005,Emily Davis,37,FALSE
INT_00002709,CUST_000010,10/25/2024,Call,Inquiry,Resolved,5,AGT_010,William Anderson,51,FALSE
INT_00002710,CUST_000010,2/7/2025,Call,Complaint,Resolved,1,AGT_003,Maria Garcia,5,FALSE
INT_00002715,CUST_001984,1/30/2025,Call,Complaint,Resolved,1,AGT_005,Emily Davis,43,FALSE
INT_00002720,CUST_001984,8/22/2024,Call,Support,Escalated,1,AGT_003,Maria Garcia,24,FALSE
INT_00002730,CUST_000617,12/12/2024,Branch Visit,Inquiry,Resolved,4,AGT_004,Robert Brown,44,FALSE
INT_00002733,CUST_001803,8/20/2024,Call,Support,Resolved,5,AGT_005,Emily Davis,25,FALSE
INT_00002735,CUST_000096,1/2/2025,Branch Visit,Complaint,Resolved,2,AGT_004,Robert Brown,53,TRUE
INT_00002738,CUST_002300,6/11/2025,Email,Inquiry,Pending,1,AGT_006,Michael Miller,49,TRUE
INT_00002739,CUST_002300,6/24/2024,Chat,Complaint,Resolved,3,AGT_001,Sarah Johnson,40,TRUE
INT_00002745,CUST_002452,6/5/2025,Email,Support,Resolved,5,AGT_005,Emily Davis,9,TRUE
INT_00002748,CUST_002452,10/22/2024,Email,Complaint,Resolved,3,AGT_007,Linda Wilson,43,FALSE
INT_00002749,CUST_002452,11/25/2024,Chat,Complaint,Resolved,4,AGT_007,Linda Wilson,12,FALSE
INT_00002750,CUST_001482,6/9/2025,Branch Visit,Support,Resolved,5,AGT_003,Maria Garcia,49,TRUE
INT_00002752,CUST_001482,4/5/2025,Call,Inquiry,Pending,4,AGT_005,Emily Davis,26,FALSE
INT_00002757,CUST_001482,11/16/2024,Chat,Support,Escalated,5,AGT_003,Maria Garcia,53,FALSE
INT_00002759,CUST_000801,7/8/2025,Chat,Inquiry,Resolved,4,AGT_002,James Smith,49,FALSE
INT_00002761,CUST_002252,6/6/2025,Call,Inquiry,Escalated,4,AGT_009,Barbara Taylor,37,TRUE
INT_00002767,CUST_000162,11/27/2024,Branch Visit,Complaint,Resolved,4,AGT_003,Maria Garcia,46,TRUE
INT_00002768,CUST_000564,9/23/2024,Chat,Complaint,Pending,1,AGT_003,Maria Garcia,58,FALSE
INT_00002776,CUST_002433,9/4/2024,Branch Visit,Support,Escalated,2,AGT_003,Maria Garcia,42,FALSE
INT_00002777,CUST_002433,9/18/2024,Chat,Complaint,Resolved,1,AGT_002,James Smith,59,FALSE
INT_00002785,CUST_002277,1/8/2025,Call,Inquiry,Pending,1,AGT_004,Robert Brown,52,FALSE
INT_00002792,CUST_000351,2/18/2025,Branch Visit,Support,Pending,5,AGT_008,David Moore,9,FALSE
INT_00002793,CUST_000351,6/25/2025,Branch Visit,Support,Resolved,5,AGT_004,Robert Brown,38,TRUE
INT_00002795,CUST_000581,10/23/2024,Chat,Support,Resolved,3,AGT_002,James Smith,14,FALSE
INT_00002796,CUST_002037,4/21/2025,Chat,Support,Pending,5,AGT_002,James Smith,24,TRUE
INT_00002797,CUST_002037,10/16/2024,Branch Visit,Support,Pending,2,AGT_003,Maria Garcia,8,FALSE
INT_00002798,CUST_002037,1/16/2025,Chat,Support,Escalated,4,AGT_007,Linda Wilson,34,TRUE
INT_00002799,CUST_002037,8/13/2024,Call,Support,Resolved,5,AGT_001,Sarah Johnson,38,TRUE
INT_00002800,CUST_002037,2/1/2025,Branch Visit,Support,Pending,4,AGT_006,Michael Miller,57,FALSE
INT_00002805,CUST_001381,9/15/2024,Chat,Inquiry,Pending,3,AGT_003,Maria Garcia,43,FALSE
INT_00002808,CUST_001569,3/27/2025,Chat,Complaint,Resolved,1,AGT_010,William Anderson,36,TRUE
INT_00002809,CUST_001569,6/29/2025,Call,Inquiry,Resolved,1,AGT_002,James Smith,27,TRUE
INT_00002811,CUST_001569,1/8/2024,Branch Visit,Support,Pending,2,AGT_002,James Smith,28,FALSE
INT_00002812,CUST_001569,1/23/2025,Email,Inquiry,Pending,1,AGT_004,Robert Brown,45,FALSE
INT_00002815,CUST_001569,9/3/2024,Email,Complaint,Pending,2,AGT_001,Sarah Johnson,9,TRUE
INT_00002834,CUST_001157,7/26/2025,Branch Visit,Complaint,Escalated,5,AGT_007,Linda Wilson,8,TRUE
INT_00002835,CUST_001265,5/22/2025,Call,Complaint,Pending,2,AGT_001,Sarah Johnson,16,TRUE
INT_00002846,CUST_000766,10/24/2024,Email,Inquiry,Resolved,4,AGT_008,David Moore,44,FALSE
INT_00002851,CUST_000766,6/7/2024,Email,Complaint,Pending,2,AGT_006,Michael Miller,43,TRUE
INT_00002852,CUST_000766,9/22/2024,Call,Complaint,Resolved,4,AGT_004,Robert Brown,16,FALSE
INT_00002853,CUST_000766,2/19/2025,Email,Support,Escalated,4,AGT_002,James Smith,9,FALSE
INT_00002854,CUST_000499,12/26/2024,Chat,Complaint,Escalated,2,AGT_001,Sarah Johnson,14,FALSE
INT_00002855,CUST_000499,8/8/2024,Email,Support,Pending,3,AGT_001,Sarah Johnson,26,FALSE
INT_00002868,CUST_000904,5/30/2025,Email,Support,Escalated,4,AGT_010,William Anderson,37,FALSE
INT_00002869,CUST_000904,8/6/2024,Chat,Inquiry,Pending,2,AGT_004,Robert Brown,52,TRUE
INT_00002872,CUST_000224,6/16/2025,Chat,Support,Escalated,5,AGT_001,Sarah Johnson,31,TRUE
INT_00002879,CUST_001417,4/29/2024,Email,Support,Resolved,4,AGT_002,James Smith,10,FALSE
INT_00002889,CUST_001795,1/14/2025,Branch Visit,Inquiry,Resolved,5,AGT_004,Robert Brown,52,TRUE
INT_00002892,CUST_001795,7/14/2025,Email,Support,Pending,3,AGT_010,William Anderson,43,TRUE
INT_00002893,CUST_001795,2/13/2025,Branch Visit,Complaint,Pending,4,AGT_002,James Smith,34,FALSE
INT_00002895,CUST_001095,3/3/2025,Chat,Complaint,Escalated,1,AGT_007,Linda Wilson,58,FALSE
INT_00002907,CUST_001953,4/14/2024,Chat,Support,Escalated,1,AGT_002,James Smith,24,FALSE
INT_00002908,CUST_001953,10/26/2023,Branch Visit,Complaint,Escalated,5,AGT_003,Maria Garcia,11,TRUE
INT_00002909,CUST_001953,3/2/2025,Branch Visit,Support,Pending,2,AGT_003,Maria Garcia,43,TRUE
INT_00002912,CUST_001135,3/27/2024,Branch Visit,Inquiry,Resolved,3,AGT_008,David Moore,32,TRUE
INT_00002915,CUST_001611,1/11/2025,Chat,Inquiry,Pending,1,AGT_003,Maria Garcia,20,TRUE
INT_00002916,CUST_001611,6/20/2024,Email,Complaint,Escalated,4,AGT_007,Linda Wilson,24,TRUE
INT_00002917,CUST_001960,2/12/2025,Branch Visit,Support,Escalated,4,AGT_001,Sarah Johnson,32,FALSE
INT_00002921,CUST_001590,4/21/2025,Call,Complaint,Escalated,5,AGT_008,David Moore,28,FALSE
INT_00002929,CUST_000498,12/28/2023,Call,Complaint,Pending,2,AGT_005,Emily Davis,36,TRUE
INT_00002933,CUST_000498,3/29/2024,Email,Inquiry,Escalated,3,AGT_002,James Smith,31,TRUE
INT_00002934,CUST_000498,10/24/2024,Branch Visit,Complaint,Resolved,2,AGT_004,Robert Brown,9,FALSE
INT_00002936,CUST_000498,9/17/2024,Chat,Complaint,Pending,1,AGT_002,James Smith,56,TRUE
INT_00002938,CUST_001728,2/27/2025,Chat,Support,Resolved,4,AGT_002,James Smith,43,FALSE
INT_00002940,CUST_000844,12/24/2024,Branch Visit,Support,Pending,2,AGT_006,Michael Miller,24,TRUE
INT_00002941,CUST_000242,6/19/2025,Call,Inquiry,Pending,5,AGT_006,Michael Miller,15,TRUE
INT_00002942,CUST_000242,6/6/2025,Chat,Inquiry,Resolved,3,AGT_006,Michael Miller,42,FALSE
INT_00002947,CUST_000108,2/6/2024,Chat,Complaint,Pending,1,AGT_005,Emily Davis,50,FALSE
INT_00002949,CUST_000108,3/21/2024,Chat,Inquiry,Resolved,1,AGT_003,Maria Garcia,22,TRUE
INT_00002950,CUST_002210,3/18/2025,Call,Inquiry,Escalated,1,AGT_004,Robert Brown,14,TRUE
INT_00002961,CUST_002291,11/26/2024,Call,Inquiry,Escalated,1,AGT_003,Maria Garcia,47,FALSE
INT_00002964,CUST_002291,11/28/2024,Chat,Support,Escalated,2,AGT_009,Barbara Taylor,45,TRUE
INT_00002967,CUST_002291,7/13/2024,Email,Complaint,Pending,1,AGT_004,Robert Brown,34,TRUE
INT_00002968,CUST_001489,3/27/2025,Call,Support,Resolved,1,AGT_005,Emily Davis,14,TRUE
INT_00002969,CUST_001090,8/26/2024,Email,Inquiry,Resolved,5,AGT_006,Michael Miller,54,TRUE
INT_00002970,CUST_002078,11/14/2024,Chat,Inquiry,Resolved,5,AGT_008,David Moore,55,FALSE
INT_00002972,CUST_002078,11/12/2023,Chat,Inquiry,Escalated,4,AGT_006,Michael Miller,30,TRUE
INT_00002973,CUST_002078,1/12/2025,Branch Visit,Complaint,Escalated,3,AGT_007,Linda Wilson,15,TRUE
INT_00002974,CUST_002356,3/30/2025,Chat,Support,Resolved,2,AGT_001,Sarah Johnson,35,FALSE
INT_00002992,CUST_002505,5/15/2025,Email,Support,Resolved,1,AGT_007,Linda Wilson,27,TRUE
INT_00002993,CUST_001262,10/16/2024,Branch Visit,Inquiry,Escalated,4,AGT_004,Robert Brown,44,TRUE
INT_00002994,CUST_001262,5/23/2025,Call,Complaint,Resolved,4,AGT_002,James Smith,11,TRUE
INT_00003001,CUST_002319,6/24/2024,Chat,Inquiry,Pending,4,AGT_003,Maria Garcia,47,FALSE
INT_00003003,CUST_001456,6/7/2024,Call,Inquiry,Escalated,4,AGT_005,Emily Davis,31,FALSE
INT_00003004,CUST_001456,1/28/2025,Chat,Complaint,Escalated,1,AGT_003,Maria Garcia,5,FALSE
INT_00003006,CUST_001776,5/3/2024,Branch Visit,Inquiry,Pending,4,AGT_010,William Anderson,44,FALSE
INT_00003007,CUST_001776,7/19/2025,Call,Support,Pending,5,AGT_001,Sarah Johnson,49,FALSE
INT_00003010,CUST_000608,7/27/2025,Chat,Complaint,Escalated,2,AGT_001,Sarah Johnson,15,TRUE
INT_00003013,CUST_001120,7/3/2025,Branch Visit,Inquiry,Escalated,2,AGT_003,Maria Garcia,11,FALSE
INT_00003023,CUST_001059,5/3/2025,Chat,Support,Pending,1,AGT_002,James Smith,43,FALSE
INT_00003025,CUST_000992,4/20/2024,Chat,Support,Escalated,4,AGT_003,Maria Garcia,18,FALSE
INT_00003028,CUST_002317,9/18/2024,Email,Support,Escalated,4,AGT_003,Maria Garcia,7,FALSE
INT_00003034,CUST_002286,9/26/2024,Email,Inquiry,Pending,5,AGT_003,Maria Garcia,42,FALSE
INT_00003039,CUST_001754,5/8/2025,Chat,Complaint,Escalated,2,AGT_001,Sarah Johnson,53,FALSE
INT_00003044,CUST_001629,9/22/2024,Call,Complaint,Escalated,5,AGT_004,Robert Brown,55,TRUE
INT_00003060,CUST_000574,11/4/2024,Call,Complaint,Resolved,4,AGT_004,Robert Brown,8,TRUE
INT_00003063,CUST_002322,3/11/2025,Call,Support,Resolved,1,AGT_003,Maria Garcia,37,TRUE
INT_00003072,CUST_000604,2/13/2024,Branch Visit,Inquiry,Pending,4,AGT_002,James Smith,42,TRUE
INT_00003073,CUST_000604,1/17/2024,Chat,Inquiry,Pending,3,AGT_001,Sarah Johnson,24,FALSE
INT_00003088,CUST_000213,10/31/2024,Chat,Support,Pending,2,AGT_010,William Anderson,28,FALSE
INT_00003092,CUST_000987,7/22/2025,Branch Visit,Support,Resolved,5,AGT_002,James Smith,54,TRUE
INT_00003105,CUST_000370,6/2/2025,Branch Visit,Support,Pending,5,AGT_003,Maria Garcia,30,FALSE
INT_00003109,CUST_002364,3/22/2024,Call,Complaint,Pending,1,AGT_002,James Smith,53,FALSE
INT_00003110,CUST_001744,3/5/2025,Branch Visit,Inquiry,Pending,2,AGT_005,Emily Davis,46,TRUE
INT_00003111,CUST_001744,8/27/2023,Chat,Inquiry,Escalated,1,AGT_007,Linda Wilson,22,FALSE
INT_00003112,CUST_001744,9/28/2024,Call,Inquiry,Resolved,2,AGT_008,David Moore,11,TRUE
INT_00003113,CUST_001744,2/4/2024,Call,Support,Resolved,2,AGT_002,James Smith,59,FALSE
INT_00003120,CUST_002035,1/17/2025,Chat,Inquiry,Pending,3,AGT_009,Barbara Taylor,18,FALSE
INT_00003122,CUST_002035,7/11/2024,Branch Visit,Complaint,Pending,3,AGT_004,Robert Brown,60,FALSE
INT_00003123,CUST_002035,1/31/2025,Email,Complaint,Escalated,2,AGT_009,Barbara Taylor,29,TRUE
INT_00003125,CUST_002035,1/16/2025,Chat,Complaint,Resolved,2,AGT_003,Maria Garcia,49,TRUE
INT_00003126,CUST_000376,6/2/2025,Chat,Support,Resolved,4,AGT_002,James Smith,28,FALSE
INT_00003131,CUST_001912,12/22/2024,Chat,Inquiry,Resolved,2,AGT_002,James Smith,27,TRUE
INT_00003132,CUST_000098,6/7/2024,Chat,Complaint,Resolved,2,AGT_005,Emily Davis,50,FALSE
INT_00003134,CUST_000098,5/12/2024,Chat,Complaint,Pending,2,AGT_004,Robert Brown,21,FALSE
INT_00003142,CUST_001568,4/3/2025,Email,Inquiry,Escalated,4,AGT_004,Robert Brown,50,TRUE
INT_00003147,CUST_000877,7/23/2024,Branch Visit,Complaint,Resolved,2,AGT_006,Michael Miller,9,FALSE
INT_00003165,CUST_000932,5/30/2024,Branch Visit,Support,Escalated,2,AGT_007,Linda Wilson,42,TRUE
INT_00003167,CUST_000932,8/2/2024,Call,Complaint,Resolved,3,AGT_005,Emily Davis,10,FALSE
INT_00003169,CUST_000932,7/7/2024,Branch Visit,Inquiry,Escalated,2,AGT_009,Barbara Taylor,26,FALSE
INT_00003170,CUST_000932,2/28/2025,Call,Inquiry,Resolved,4,AGT_001,Sarah Johnson,60,FALSE
INT_00003171,CUST_000932,7/12/2025,Call,Complaint,Pending,3,AGT_002,James Smith,55,FALSE
INT_00003173,CUST_000932,6/25/2024,Call,Support,Pending,2,AGT_009,Barbara Taylor,45,TRUE
INT_00003175,CUST_001208,6/18/2025,Call,Complaint,Pending,3,AGT_001,Sarah Johnson,46,TRUE
INT_00003184,CUST_001110,10/28/2024,Call,Support,Escalated,2,AGT_009,Barbara Taylor,43,FALSE
INT_00003185,CUST_001110,3/12/2025,Chat,Support,Escalated,5,AGT_001,Sarah Johnson,7,FALSE
INT_00003186,CUST_001110,3/28/2024,Branch Visit,Complaint,Escalated,4,AGT_003,Maria Garcia,25,FALSE
INT_00003187,CUST_001110,6/15/2024,Chat,Support,Escalated,5,AGT_008,David Moore,24,FALSE
INT_00003190,CUST_001885,2/6/2025,Email,Support,Resolved,3,AGT_007,Linda Wilson,55,TRUE
INT_00003191,CUST_001831,12/28/2024,Branch Visit,Inquiry,Pending,4,AGT_010,William Anderson,53,FALSE
INT_00003197,CUST_000601,4/29/2024,Email,Inquiry,Resolved,4,AGT_003,Maria Garcia,13,FALSE
INT_00003199,CUST_000601,4/17/2025,Email,Support,Resolved,5,AGT_005,Emily Davis,17,TRUE
INT_00003200,CUST_000601,1/3/2025,Branch Visit,Support,Escalated,4,AGT_001,Sarah Johnson,9,FALSE
INT_00003201,CUST_000571,4/19/2024,Branch Visit,Inquiry,Pending,1,AGT_001,Sarah Johnson,10,TRUE
INT_00003202,CUST_000571,2/1/2025,Call,Inquiry,Pending,5,AGT_001,Sarah Johnson,58,TRUE
INT_00003203,CUST_000571,6/8/2024,Email,Complaint,Pending,3,AGT_002,James Smith,15,TRUE
INT_00003205,CUST_000571,8/29/2024,Call,Support,Escalated,1,AGT_003,Maria Garcia,33,FALSE
INT_00003206,CUST_000571,10/3/2023,Call,Inquiry,Escalated,4,AGT_008,David Moore,53,TRUE
INT_00003207,CUST_000571,7/6/2024,Call,Inquiry,Escalated,1,AGT_001,Sarah Johnson,40,TRUE
INT_00003208,CUST_000571,4/19/2024,Call,Complaint,Pending,5,AGT_008,David Moore,19,TRUE
INT_00003209,CUST_000571,12/19/2024,Call,Complaint,Resolved,4,AGT_004,Robert Brown,53,TRUE
INT_00003213,CUST_001051,11/19/2023,Call,Complaint,Escalated,3,AGT_002,James Smith,8,FALSE
INT_00003214,CUST_001051,7/24/2023,Chat,Complaint,Pending,5,AGT_004,Robert Brown,10,FALSE
INT_00003216,CUST_001593,5/25/2025,Call,Inquiry,Resolved,3,AGT_006,Michael Miller,23,TRUE
INT_00003221,CUST_000142,7/1/2025,Email,Support,Escalated,3,AGT_003,Maria Garcia,34,TRUE
INT_00003224,CUST_002349,7/28/2025,Call,Complaint,Pending,4,AGT_004,Robert Brown,56,FALSE
INT_00003229,CUST_002349,7/9/2025,Chat,Support,Pending,2,AGT_008,David Moore,30,TRUE
INT_00003234,CUST_000009,12/3/2024,Call,Inquiry,Escalated,1,AGT_003,Maria Garcia,24,FALSE
INT_00003246,CUST_000279,8/27/2024,Call,Complaint,Escalated,1,AGT_003,Maria Garcia,50,FALSE
INT_00003251,CUST_002381,6/21/2024,Email,Support,Escalated,1,AGT_008,David Moore,56,TRUE
INT_00003259,CUST_000673,10/30/2024,Call,Inquiry,Resolved,4,AGT_004,Robert Brown,29,FALSE
INT_00003260,CUST_000673,2/7/2025,Call,Support,Pending,3,AGT_006,Michael Miller,10,TRUE
INT_00003265,CUST_000673,10/25/2024,Call,Complaint,Resolved,5,AGT_006,Michael Miller,5,FALSE
INT_00003266,CUST_001234,11/4/2024,Call,Inquiry,Escalated,2,AGT_004,Robert Brown,12,TRUE
INT_00003270,CUST_001924,12/26/2024,Chat,Inquiry,Resolved,4,AGT_007,Linda Wilson,37,TRUE
INT_00003271,CUST_001924,3/8/2025,Branch Visit,Support,Pending,4,AGT_006,Michael Miller,52,TRUE
INT_00003274,CUST_002126,9/19/2024,Chat,Support,Pending,1,AGT_004,Robert Brown,17,TRUE
INT_00003275,CUST_002126,6/15/2024,Email,Complaint,Pending,5,AGT_007,Linda Wilson,23,TRUE
INT_00003276,CUST_002126,4/21/2025,Call,Complaint,Escalated,3,AGT_001,Sarah Johnson,36,FALSE
INT_00003281,CUST_001430,5/22/2025,Email,Complaint,Resolved,1,AGT_008,David Moore,23,TRUE
INT_00003286,CUST_000515,7/29/2024,Email,Support,Resolved,5,AGT_006,Michael Miller,53,TRUE
INT_00003287,CUST_000515,8/20/2024,Chat,Inquiry,Pending,5,AGT_005,Emily Davis,35,FALSE
INT_00003290,CUST_000515,5/12/2024,Chat,Support,Pending,4,AGT_005,Emily Davis,49,TRUE
INT_00003291,CUST_000515,4/8/2024,Branch Visit,Inquiry,Pending,3,AGT_004,Robert Brown,10,TRUE
INT_00003292,CUST_000515,12/24/2024,Chat,Complaint,Resolved,2,AGT_003,Maria Garcia,46,TRUE
INT_00003294,CUST_001555,12/2/2024,Branch Visit,Inquiry,Resolved,4,AGT_003,Maria Garcia,50,TRUE
INT_00003295,CUST_001555,7/19/2024,Branch Visit,Inquiry,Escalated,1,AGT_008,David Moore,19,TRUE
INT_00003296,CUST_000511,5/27/2025,Branch Visit,Inquiry,Pending,4,AGT_004,Robert Brown,59,TRUE
INT_00003297,CUST_000511,2/18/2025,Call,Support,Escalated,5,AGT_002,James Smith,35,TRUE
INT_00003299,CUST_001779,5/15/2024,Chat,Complaint,Pending,5,AGT_006,Michael Miller,52,TRUE
INT_00003300,CUST_001779,7/20/2023,Branch Visit,Support,Pending,1,AGT_009,Barbara Taylor,17,TRUE
INT_00003308,CUST_002165,9/22/2023,Email,Inquiry,Escalated,1,AGT_010,William Anderson,38,FALSE
INT_00003309,CUST_002165,6/1/2024,Chat,Complaint,Resolved,1,AGT_001,Sarah Johnson,29,FALSE
INT_00003310,CUST_000228,6/6/2025,Call,Support,Pending,2,AGT_010,William Anderson,13,FALSE
INT_00003312,CUST_000228,3/14/2025,Branch Visit,Inquiry,Resolved,1,AGT_010,William Anderson,18,FALSE
INT_00003318,CUST_001375,2/24/2025,Branch Visit,Inquiry,Escalated,2,AGT_001,Sarah Johnson,59,TRUE
INT_00003319,CUST_001375,11/10/2024,Chat,Inquiry,Resolved,3,AGT_003,Maria Garcia,22,TRUE
INT_00003320,CUST_001375,8/22/2024,Call,Inquiry,Escalated,2,AGT_009,Barbara Taylor,45,TRUE
INT_00003321,CUST_001375,5/31/2025,Chat,Support,Escalated,5,AGT_008,David Moore,60,FALSE
INT_00003323,CUST_001375,4/17/2024,Call,Inquiry,Resolved,1,AGT_010,William Anderson,60,TRUE
INT_00003325,CUST_001082,1/25/2025,Email,Complaint,Resolved,4,AGT_006,Michael Miller,9,TRUE
INT_00003328,CUST_000587,12/20/2024,Branch Visit,Inquiry,Escalated,5,AGT_008,David Moore,57,FALSE
INT_00003329,CUST_001370,6/8/2025,Email,Support,Resolved,5,AGT_002,James Smith,57,TRUE
INT_00003330,CUST_001370,1/31/2025,Branch Visit,Complaint,Escalated,4,AGT_009,Barbara Taylor,54,TRUE
INT_00003331,CUST_001370,6/18/2025,Call,Support,Pending,3,AGT_009,Barbara Taylor,54,FALSE
INT_00003338,CUST_001612,12/21/2024,Branch Visit,Complaint,Resolved,4,AGT_001,Sarah Johnson,41,TRUE
INT_00003339,CUST_001583,5/13/2025,Call,Inquiry,Pending,4,AGT_006,Michael Miller,5,FALSE
INT_00003343,CUST_000834,5/24/2023,Branch Visit,Complaint,Pending,3,AGT_009,Barbara Taylor,58,FALSE
INT_00003351,CUST_000738,12/16/2024,Chat,Inquiry,Pending,3,AGT_001,Sarah Johnson,13,TRUE
INT_00003357,CUST_002481,11/29/2024,Branch Visit,Complaint,Pending,1,AGT_001,Sarah Johnson,25,FALSE
INT_00003358,CUST_002481,7/1/2024,Chat,Complaint,Resolved,4,AGT_006,Michael Miller,43,FALSE
INT_00003363,CUST_001648,5/28/2023,Branch Visit,Inquiry,Resolved,2,AGT_007,Linda Wilson,26,TRUE
INT_00003394,CUST_001451,6/7/2025,Branch Visit,Support,Resolved,1,AGT_002,James Smith,36,FALSE
INT_00003395,CUST_000687,8/22/2024,Call,Complaint,Escalated,1,AGT_003,Maria Garcia,48,TRUE
INT_00003410,CUST_001530,6/16/2025,Chat,Inquiry,Resolved,1,AGT_005,Emily Davis,52,TRUE
INT_00003416,CUST_000269,1/24/2025,Chat,Inquiry,Resolved,4,AGT_002,James Smith,59,TRUE
INT_00003418,CUST_000269,3/6/2025,Call,Inquiry,Resolved,1,AGT_008,David Moore,58,TRUE
INT_00003420,CUST_000268,10/15/2024,Branch Visit,Complaint,Pending,3,AGT_001,Sarah Johnson,44,TRUE
INT_00003422,CUST_000268,6/30/2024,Email,Inquiry,Resolved,5,AGT_006,Michael Miller,42,TRUE
INT_00003423,CUST_000921,6/5/2025,Chat,Inquiry,Resolved,3,AGT_002,James Smith,41,TRUE
INT_00003425,CUST_002418,8/20/2024,Call,Support,Pending,1,AGT_001,Sarah Johnson,32,FALSE
INT_00003426,CUST_002418,5/19/2025,Branch Visit,Complaint,Escalated,3,AGT_002,James Smith,46,TRUE
INT_00003427,CUST_002418,10/18/2024,Email,Complaint,Escalated,1,AGT_001,Sarah Johnson,42,TRUE
INT_00003428,CUST_002418,10/5/2024,Email,Inquiry,Resolved,4,AGT_007,Linda Wilson,20,FALSE
INT_00003431,CUST_002418,4/10/2025,Email,Inquiry,Resolved,5,AGT_009,Barbara Taylor,18,FALSE
INT_00003432,CUST_002418,6/29/2024,Branch Visit,Complaint,Resolved,2,AGT_006,Michael Miller,37,FALSE
INT_00003433,CUST_000614,7/30/2024,Chat,Support,Pending,2,AGT_007,Linda Wilson,25,FALSE
INT_00003437,CUST_000495,3/27/2024,Call,Inquiry,Escalated,3,AGT_002,James Smith,49,FALSE
INT_00003439,CUST_000509,10/5/2024,Chat,Support,Escalated,1,AGT_007,Linda Wilson,38,TRUE
INT_00003441,CUST_001820,2/21/2025,Call,Support,Resolved,5,AGT_003,Maria Garcia,34,TRUE
INT_00003442,CUST_001361,3/29/2025,Call,Complaint,Pending,4,AGT_009,Barbara Taylor,58,TRUE
INT_00003446,CUST_000361,2/21/2024,Email,Support,Resolved,2,AGT_002,James Smith,19,TRUE
INT_00003450,CUST_000139,4/20/2024,Email,Complaint,Resolved,1,AGT_006,Michael Miller,45,TRUE
INT_00003451,CUST_000139,7/30/2025,Call,Support,Resolved,2,AGT_003,Maria Garcia,57,TRUE
INT_00003452,CUST_000139,1/27/2025,Branch Visit,Complaint,Pending,2,AGT_004,Robert Brown,35,TRUE
INT_00003457,CUST_000848,6/9/2025,Email,Complaint,Pending,2,AGT_005,Emily Davis,49,FALSE
INT_00003458,CUST_000332,12/7/2024,Chat,Complaint,Pending,5,AGT_004,Robert Brown,22,TRUE
INT_00003459,CUST_000332,5/1/2024,Branch Visit,Complaint,Escalated,5,AGT_004,Robert Brown,45,FALSE
INT_00003460,CUST_000332,12/24/2023,Call,Support,Pending,4,AGT_003,Maria Garcia,33,FALSE
INT_00003481,CUST_000857,12/21/2024,Chat,Inquiry,Escalated,1,AGT_006,Michael Miller,8,TRUE
INT_00003482,CUST_000857,9/3/2024,Branch Visit,Complaint,Resolved,2,AGT_001,Sarah Johnson,36,FALSE
INT_00003501,CUST_001796,6/4/2025,Branch Visit,Complaint,Pending,5,AGT_002,James Smith,31,FALSE
INT_00003502,CUST_001466,5/12/2024,Chat,Inquiry,Escalated,1,AGT_002,James Smith,5,TRUE
INT_00003503,CUST_001466,3/12/2025,Email,Complaint,Escalated,1,AGT_002,James Smith,53,FALSE
INT_00003521,CUST_002289,7/16/2025,Email,Inquiry,Pending,3,AGT_007,Linda Wilson,44,TRUE
INT_00003528,CUST_001000,6/10/2025,Call,Support,Escalated,3,AGT_001,Sarah Johnson,40,FALSE
INT_00003534,CUST_001566,3/24/2025,Chat,Complaint,Pending,2,AGT_002,James Smith,7,TRUE
INT_00003538,CUST_000654,5/10/2025,Email,Support,Escalated,4,AGT_006,Michael Miller,55,FALSE
INT_00003541,CUST_000612,6/28/2024,Branch Visit,Complaint,Escalated,5,AGT_009,Barbara Taylor,42,FALSE
INT_00003542,CUST_000612,6/23/2024,Branch Visit,Support,Pending,4,AGT_005,Emily Davis,60,FALSE
INT_00003543,CUST_000711,7/4/2024,Email,Inquiry,Pending,2,AGT_002,James Smith,41,FALSE
INT_00003545,CUST_000679,1/19/2025,Call,Inquiry,Resolved,2,AGT_006,Michael Miller,53,TRUE
INT_00003554,CUST_002379,6/17/2025,Chat,Complaint,Escalated,3,AGT_006,Michael Miller,49,FALSE
INT_00003561,CUST_001440,6/17/2025,Branch Visit,Complaint,Pending,2,AGT_006,Michael Miller,18,TRUE
INT_00003563,CUST_001440,7/22/2025,Email,Inquiry,Escalated,4,AGT_009,Barbara Taylor,34,TRUE
INT_00003568,CUST_002097,2/13/2025,Chat,Complaint,Resolved,5,AGT_003,Maria Garcia,44,FALSE
INT_00003570,CUST_002097,8/16/2024,Chat,Inquiry,Escalated,2,AGT_001,Sarah Johnson,6,TRUE
INT_00003572,CUST_000339,11/27/2024,Chat,Complaint,Resolved,4,AGT_004,Robert Brown,18,FALSE
INT_00003574,CUST_001976,11/23/2024,Email,Complaint,Resolved,3,AGT_007,Linda Wilson,18,TRUE
INT_00003576,CUST_001764,5/12/2025,Email,Support,Escalated,5,AGT_004,Robert Brown,41,TRUE
INT_00003593,CUST_001072,6/29/2023,Branch Visit,Complaint,Resolved,1,AGT_006,Michael Miller,39,FALSE
INT_00003595,CUST_001107,11/17/2024,Email,Support,Escalated,1,AGT_005,Emily Davis,30,TRUE
INT_00003598,CUST_001107,1/8/2025,Branch Visit,Support,Escalated,1,AGT_001,Sarah Johnson,37,FALSE
INT_00003601,CUST_001107,1/1/2025,Call,Complaint,Resolved,1,AGT_001,Sarah Johnson,6,TRUE
INT_00003604,CUST_000781,12/14/2024,Email,Complaint,Resolved,1,AGT_007,Linda Wilson,28,TRUE
INT_00003605,CUST_000781,7/6/2023,Email,Complaint,Escalated,5,AGT_005,Emily Davis,27,TRUE
INT_00003606,CUST_000781,5/23/2025,Call,Support,Escalated,1,AGT_010,William Anderson,53,FALSE
INT_00003617,CUST_000799,1/31/2025,Call,Support,Resolved,4,AGT_005,Emily Davis,17,TRUE
INT_00003621,CUST_001207,7/6/2025,Chat,Complaint,Pending,4,AGT_001,Sarah Johnson,42,TRUE
INT_00003624,CUST_000636,5/26/2025,Email,Inquiry,Escalated,1,AGT_010,William Anderson,25,FALSE
INT_00003628,CUST_001636,2/7/2025,Email,Inquiry,Resolved,4,AGT_004,Robert Brown,31,FALSE
INT_00003632,CUST_000321,10/22/2024,Call,Complaint,Resolved,5,AGT_003,Maria Garcia,12,TRUE
INT_00003633,CUST_000321,1/3/2025,Call,Inquiry,Resolved,4,AGT_001,Sarah Johnson,54,FALSE
INT_00003634,CUST_001091,4/14/2024,Email,Inquiry,Escalated,5,AGT_010,William Anderson,15,TRUE
INT_00003635,CUST_001091,3/19/2025,Call,Inquiry,Resolved,1,AGT_004,Robert Brown,49,TRUE
INT_00003636,CUST_001339,4/4/2025,Chat,Inquiry,Pending,2,AGT_007,Linda Wilson,36,FALSE
INT_00003646,CUST_000092,10/16/2024,Call,Complaint,Escalated,5,AGT_004,Robert Brown,51,TRUE
INT_00003650,CUST_001891,2/2/2025,Branch Visit,Support,Pending,4,AGT_005,Emily Davis,59,FALSE
INT_00003655,CUST_000344,2/1/2025,Chat,Inquiry,Resolved,4,AGT_002,James Smith,54,FALSE
INT_00003656,CUST_000344,1/13/2025,Email,Support,Escalated,4,AGT_002,James Smith,42,TRUE
INT_00003659,CUST_000344,6/16/2024,Call,Support,Escalated,4,AGT_004,Robert Brown,29,TRUE
INT_00003662,CUST_001813,12/28/2023,Branch Visit,Complaint,Pending,3,AGT_006,Michael Miller,57,TRUE
INT_00003664,CUST_000943,6/4/2025,Call,Support,Pending,4,AGT_003,Maria Garcia,31,FALSE
INT_00003666,CUST_000943,2/3/2024,Email,Complaint,Escalated,4,AGT_001,Sarah Johnson,49,TRUE
INT_00003667,CUST_000187,1/17/2025,Chat,Support,Resolved,5,AGT_007,Linda Wilson,53,FALSE
INT_00003668,CUST_002240,6/6/2025,Branch Visit,Inquiry,Pending,5,AGT_007,Linda Wilson,16,FALSE
INT_00003669,CUST_002240,2/17/2024,Chat,Complaint,Resolved,3,AGT_004,Robert Brown,27,TRUE
INT_00003670,CUST_002238,1/24/2024,Email,Complaint,Escalated,3,AGT_008,David Moore,56,FALSE
INT_00003676,CUST_000035,12/5/2024,Branch Visit,Inquiry,Escalated,5,AGT_003,Maria Garcia,47,TRUE
INT_00003679,CUST_000426,8/20/2024,Chat,Support,Pending,1,AGT_001,Sarah Johnson,52,TRUE
INT_00003682,CUST_000886,2/14/2025,Branch Visit,Complaint,Pending,4,AGT_005,Emily Davis,10,FALSE
INT_00003686,CUST_001244,12/15/2023,Branch Visit,Support,Escalated,5,AGT_006,Michael Miller,45,FALSE
INT_00003694,CUST_000260,2/6/2025,Email,Support,Resolved,2,AGT_005,Emily Davis,24,TRUE
INT_00003696,CUST_000260,7/7/2025,Chat,Inquiry,Escalated,2,AGT_002,James Smith,15,FALSE
INT_00003703,CUST_001117,3/9/2025,Call,Complaint,Pending,1,AGT_002,James Smith,30,TRUE
INT_00003711,CUST_000876,9/15/2024,Email,Support,Escalated,3,AGT_006,Michael Miller,52,TRUE
INT_00003718,CUST_000693,7/30/2025,Chat,Support,Pending,3,AGT_006,Michael Miller,40,FALSE
INT_00003724,CUST_000295,5/10/2025,Branch Visit,Inquiry,Resolved,4,AGT_009,Barbara Taylor,42,FALSE
INT_00003728,CUST_001084,7/4/2025,Call,Support,Pending,3,AGT_004,Robert Brown,30,TRUE
INT_00003730,CUST_001310,7/24/2024,Branch Visit,Inquiry,Pending,1,AGT_003,Maria Garcia,13,TRUE
INT_00003732,CUST_000060,3/14/2025,Call,Support,Pending,4,AGT_006,Michael Miller,25,TRUE
INT_00003739,CUST_000060,6/6/2025,Call,Complaint,Escalated,2,AGT_006,Michael Miller,8,TRUE
INT_00003758,CUST_001150,9/22/2024,Call,Complaint,Resolved,4,AGT_004,Robert Brown,25,FALSE
INT_00003759,CUST_001150,4/14/2025,Call,Support,Resolved,4,AGT_006,Michael Miller,19,FALSE
INT_00003760,CUST_001690,5/6/2025,Call,Complaint,Pending,5,AGT_008,David Moore,36,FALSE
INT_00003761,CUST_001623,9/16/2024,Chat,Complaint,Resolved,5,AGT_001,Sarah Johnson,18,TRUE
INT_00003764,CUST_001788,6/13/2025,Branch Visit,Inquiry,Resolved,2,AGT_001,Sarah Johnson,57,TRUE
INT_00003766,CUST_002426,8/20/2024,Chat,Complaint,Pending,4,AGT_006,Michael Miller,20,TRUE
INT_00003770,CUST_001355,8/27/2024,Email,Inquiry,Escalated,3,AGT_009,Barbara Taylor,44,TRUE
INT_00003771,CUST_001355,6/14/2024,Email,Complaint,Escalated,2,AGT_001,Sarah Johnson,12,FALSE
INT_00003776,CUST_001231,12/12/2024,Branch Visit,Complaint,Resolved,1,AGT_006,Michael Miller,24,TRUE
INT_00003778,CUST_000467,9/7/2024,Branch Visit,Support,Resolved,3,AGT_003,Maria Garcia,50,TRUE
INT_00003779,CUST_000455,10/18/2024,Call,Support,Pending,1,AGT_002,James Smith,40,FALSE
INT_00003780,CUST_000545,12/17/2024,Branch Visit,Complaint,Resolved,4,AGT_002,James Smith,49,FALSE
INT_00003781,CUST_000545,1/3/2025,Chat,Complaint,Resolved,2,AGT_004,Robert Brown,43,TRUE
INT_00003782,CUST_000545,3/21/2024,Branch Visit,Inquiry,Resolved,2,AGT_001,Sarah Johnson,16,TRUE
INT_00003783,CUST_001637,5/29/2024,Branch Visit,Complaint,Escalated,3,AGT_010,William Anderson,6,FALSE
INT_00003784,CUST_001637,10/14/2024,Email,Inquiry,Escalated,1,AGT_009,Barbara Taylor,45,FALSE
INT_00003791,CUST_000755,1/22/2024,Chat,Inquiry,Escalated,1,AGT_004,Robert Brown,6,FALSE
INT_00003800,CUST_000356,8/2/2024,Chat,Support,Pending,3,AGT_004,Robert Brown,29,FALSE
INT_00003806,CUST_000265,12/4/2024,Email,Inquiry,Resolved,5,AGT_006,Michael Miller,35,FALSE
INT_00003808,CUST_002056,11/25/2024,Chat,Inquiry,Pending,1,AGT_001,Sarah Johnson,12,FALSE
INT_00003809,CUST_002056,3/13/2024,Branch Visit,Inquiry,Pending,3,AGT_004,Robert Brown,57,FALSE
INT_00003814,CUST_002417,6/8/2024,Email,Complaint,Pending,3,AGT_010,William Anderson,45,FALSE
INT_00003815,CUST_002417,2/3/2025,Call,Support,Pending,1,AGT_004,Robert Brown,36,FALSE
INT_00003817,CUST_002417,2/3/2025,Email,Complaint,Escalated,4,AGT_001,Sarah Johnson,39,FALSE
INT_00003834,CUST_002130,2/18/2025,Email,Inquiry,Escalated,3,AGT_006,Michael Miller,29,FALSE
INT_00003842,CUST_001300,12/28/2023,Email,Support,Pending,1,AGT_009,Barbara Taylor,29,FALSE
INT_00003849,CUST_001087,1/27/2024,Chat,Complaint,Resolved,1,AGT_001,Sarah Johnson,58,TRUE
INT_00003852,CUST_000731,1/21/2025,Branch Visit,Inquiry,Escalated,3,AGT_003,Maria Garcia,51,FALSE
INT_00003853,CUST_000731,7/24/2025,Branch Visit,Support,Pending,5,AGT_008,David Moore,49,TRUE
INT_00003854,CUST_002393,7/26/2024,Email,Inquiry,Pending,3,AGT_005,Emily Davis,24,FALSE
INT_00003855,CUST_000448,4/7/2025,Call,Support,Escalated,5,AGT_001,Sarah Johnson,34,TRUE
INT_00003857,CUST_001934,6/24/2024,Email,Support,Pending,2,AGT_008,David Moore,27,FALSE
INT_00003873,CUST_000918,2/6/2025,Chat,Inquiry,Resolved,4,AGT_003,Maria Garcia,8,TRUE
INT_00003879,CUST_000047,4/12/2025,Branch Visit,Complaint,Pending,3,AGT_002,James Smith,58,TRUE
INT_00003919,CUST_000595,4/6/2025,Chat,Complaint,Escalated,3,AGT_007,Linda Wilson,36,TRUE
INT_00003920,CUST_000595,11/30/2024,Branch Visit,Support,Escalated,2,AGT_004,Robert Brown,39,TRUE
INT_00003921,CUST_001485,11/26/2024,Call,Support,Pending,2,AGT_003,Maria Garcia,40,TRUE
INT_00003922,CUST_001485,10/18/2024,Call,Inquiry,Escalated,2,AGT_003,Maria Garcia,36,TRUE
INT_00003925,CUST_001068,7/4/2025,Email,Inquiry,Escalated,2,AGT_004,Robert Brown,51,TRUE
INT_00003926,CUST_000457,3/12/2025,Branch Visit,Support,Pending,1,AGT_002,James Smith,11,FALSE
INT_00003928,CUST_000922,9/3/2024,Chat,Support,Pending,1,AGT_002,James Smith,23,TRUE
INT_00003929,CUST_000922,3/17/2025,Branch Visit,Inquiry,Pending,3,AGT_002,James Smith,9,TRUE
INT_00003939,CUST_001204,6/3/2025,Chat,Support,Pending,2,AGT_004,Robert Brown,16,TRUE
INT_00003941,CUST_001204,7/16/2024,Email,Complaint,Resolved,4,AGT_006,Michael Miller,43,TRUE
INT_00003942,CUST_001204,6/15/2025,Email,Complaint,Pending,5,AGT_008,David Moore,16,TRUE
INT_00003943,CUST_001204,12/5/2023,Call,Support,Resolved,5,AGT_002,James Smith,17,FALSE
INT_00003945,CUST_001204,8/26/2024,Branch Visit,Support,Escalated,2,AGT_005,Emily Davis,5,TRUE
INT_00003947,CUST_002017,7/26/2025,Branch Visit,Support,Resolved,5,AGT_009,Barbara Taylor,59,FALSE
INT_00003959,CUST_000977,4/3/2025,Call,Complaint,Pending,3,AGT_005,Emily Davis,37,FALSE
INT_00003960,CUST_001101,6/28/2025,Email,Inquiry,Escalated,2,AGT_006,Michael Miller,48,FALSE
INT_00003970,CUST_001693,5/16/2025,Chat,Complaint,Escalated,1,AGT_001,Sarah Johnson,38,FALSE
INT_00003979,CUST_001538,3/21/2025,Branch Visit,Support,Resolved,3,AGT_008,David Moore,33,TRUE
INT_00003984,CUST_000021,1/10/2025,Email,Complaint,Escalated,2,AGT_001,Sarah Johnson,42,TRUE
INT_00003989,CUST_001055,5/19/2025,Call,Complaint,Resolved,3,AGT_005,Emily Davis,39,FALSE
INT_00003992,CUST_001400,12/16/2024,Branch Visit,Support,Escalated,3,AGT_002,James Smith,20,FALSE
INT_00003993,CUST_000468,3/15/2025,Branch Visit,Support,Pending,1,AGT_007,Linda Wilson,38,TRUE
INT_00003994,CUST_002399,2/27/2024,Call,Inquiry,Escalated,5,AGT_008,David Moore,45,TRUE
INT_00003996,CUST_002399,1/19/2025,Call,Inquiry,Escalated,5,AGT_001,Sarah Johnson,32,TRUE
INT_00003999,CUST_000384,11/29/2024,Branch Visit,Inquiry,Resolved,1,AGT_008,David Moore,39,TRUE
INT_00004000,CUST_000366,7/25/2025,Branch Visit,Support,Pending,3,AGT_003,Maria Garcia,29,FALSE
INT_00004003,CUST_001522,6/14/2024,Chat,Inquiry,Pending,5,AGT_003,Maria Garcia,41,FALSE
INT_00004005,CUST_001522,12/18/2024,Call,Support,Escalated,3,AGT_001,Sarah Johnson,6,FALSE
INT_00004006,CUST_001522,5/29/2024,Chat,Support,Escalated,3,AGT_003,Maria Garcia,32,TRUE
INT_00004010,CUST_000953,4/8/2025,Call,Complaint,Pending,1,AGT_008,David Moore,35,FALSE
INT_00004012,CUST_002442,5/1/2024,Chat,Complaint,Pending,1,AGT_007,Linda Wilson,40,TRUE
INT_00004022,CUST_000490,7/9/2024,Chat,Complaint,Escalated,3,AGT_001,Sarah Johnson,55,FALSE
INT_00004025,CUST_000537,10/2/2024,Chat,Complaint,Pending,1,AGT_007,Linda Wilson,39,TRUE
INT_00004026,CUST_000537,5/26/2024,Email,Inquiry,Pending,3,AGT_005,Emily Davis,27,TRUE
INT_00004027,CUST_000537,11/20/2023,Branch Visit,Complaint,Escalated,3,AGT_010,William Anderson,53,TRUE
INT_00004028,CUST_000641,10/12/2024,Branch Visit,Inquiry,Resolved,2,AGT_006,Michael Miller,50,TRUE
INT_00004029,CUST_000641,7/27/2024,Email,Complaint,Escalated,2,AGT_001,Sarah Johnson,50,TRUE
INT_00004033,CUST_001499,1/17/2024,Chat,Complaint,Escalated,1,AGT_004,Robert Brown,9,FALSE
INT_00004038,CUST_000563,2/20/2024,Chat,Complaint,Escalated,3,AGT_010,William Anderson,51,TRUE
INT_00004040,CUST_000066,2/25/2025,Email,Complaint,Pending,4,AGT_001,Sarah Johnson,24,TRUE
INT_00004042,CUST_000066,3/15/2024,Branch Visit,Support,Resolved,2,AGT_009,Barbara Taylor,9,FALSE
INT_00004045,CUST_002162,6/11/2025,Call,Support,Escalated,1,AGT_004,Robert Brown,60,TRUE
INT_00004049,CUST_000050,6/20/2025,Chat,Complaint,Escalated,1,AGT_002,James Smith,27,TRUE
INT_00004053,CUST_000423,6/26/2025,Branch Visit,Inquiry,Escalated,5,AGT_007,Linda Wilson,32,FALSE
INT_00004054,CUST_000423,11/18/2024,Branch Visit,Inquiry,Resolved,4,AGT_003,Maria Garcia,41,FALSE
INT_00004055,CUST_000423,7/13/2024,Email,Support,Pending,5,AGT_001,Sarah Johnson,20,TRUE
INT_00004079,CUST_002109,2/8/2025,Call,Complaint,Escalated,3,AGT_002,James Smith,18,TRUE
INT_00004080,CUST_002109,2/18/2025,Chat,Inquiry,Resolved,3,AGT_002,James Smith,10,TRUE
INT_00004091,CUST_001214,4/25/2025,Call,Complaint,Escalated,3,AGT_002,James Smith,17,FALSE
INT_00004092,CUST_001214,3/3/2024,Chat,Inquiry,Pending,4,AGT_005,Emily Davis,8,FALSE
INT_00004093,CUST_001214,2/20/2025,Branch Visit,Support,Pending,3,AGT_009,Barbara Taylor,23,TRUE
INT_00004100,CUST_000770,3/17/2024,Email,Support,Escalated,2,AGT_007,Linda Wilson,45,FALSE
INT_00004122,CUST_001672,9/8/2024,Call,Inquiry,Pending,5,AGT_003,Maria Garcia,13,FALSE
INT_00004123,CUST_000657,6/19/2024,Call,Complaint,Pending,1,AGT_004,Robert Brown,24,FALSE
INT_00004139,CUST_001149,7/27/2024,Chat,Support,Escalated,3,AGT_003,Maria Garcia,33,FALSE
INT_00004140,CUST_001149,4/21/2024,Call,Support,Escalated,2,AGT_005,Emily Davis,6,TRUE
INT_00004143,CUST_002091,11/19/2024,Branch Visit,Support,Pending,3,AGT_005,Emily Davis,11,FALSE
INT_00004145,CUST_001988,9/14/2024,Chat,Complaint,Resolved,4,AGT_005,Emily Davis,30,TRUE
INT_00004151,CUST_002413,4/23/2024,Call,Complaint,Resolved,3,AGT_007,Linda Wilson,54,TRUE
INT_00004152,CUST_002413,5/7/2025,Email,Complaint,Resolved,2,AGT_004,Robert Brown,24,FALSE
INT_00004153,CUST_002413,5/29/2025,Email,Inquiry,Pending,1,AGT_009,Barbara Taylor,59,TRUE
INT_00004156,CUST_001317,5/29/2025,Email,Complaint,Pending,5,AGT_009,Barbara Taylor,32,FALSE
INT_00004157,CUST_001317,6/26/2025,Call,Support,Resolved,5,AGT_005,Emily Davis,7,TRUE
INT_00004158,CUST_001317,2/20/2025,Branch Visit,Complaint,Resolved,2,AGT_009,Barbara Taylor,20,TRUE
INT_00004168,CUST_002499,11/3/2024,Call,Support,Resolved,3,AGT_004,Robert Brown,19,TRUE
INT_00004178,CUST_001871,6/11/2023,Chat,Support,Pending,2,AGT_004,Robert Brown,35,TRUE
INT_00004183,CUST_001621,6/28/2024,Email,Support,Resolved,1,AGT_010,William Anderson,40,TRUE
INT_00004184,CUST_001621,7/13/2024,Email,Inquiry,Pending,1,AGT_009,Barbara Taylor,56,TRUE
INT_00004188,CUST_000653,7/15/2025,Call,Complaint,Escalated,5,AGT_003,Maria Garcia,6,FALSE
INT_00004189,CUST_001829,12/14/2023,Call,Support,Pending,5,AGT_004,Robert Brown,41,FALSE
INT_00004190,CUST_001829,8/12/2024,Email,Complaint,Resolved,2,AGT_006,Michael Miller,60,FALSE
INT_00004192,CUST_001810,11/2/2024,Email,Support,Pending,1,AGT_005,Emily Davis,16,TRUE
INT_00004193,CUST_001810,8/14/2024,Chat,Inquiry,Resolved,4,AGT_005,Emily Davis,7,TRUE
INT_00004219,CUST_000507,7/26/2025,Call,Inquiry,Pending,3,AGT_001,Sarah Johnson,40,FALSE
INT_00004221,CUST_000507,2/10/2025,Branch Visit,Complaint,Escalated,2,AGT_004,Robert Brown,39,TRUE
INT_00004222,CUST_000507,11/25/2024,Email,Inquiry,Escalated,4,AGT_001,Sarah Johnson,13,FALSE
INT_00004223,CUST_001509,5/4/2025,Email,Complaint,Pending,5,AGT_004,Robert Brown,41,TRUE
INT_00004224,CUST_001509,5/5/2025,Call,Complaint,Resolved,5,AGT_010,William Anderson,10,TRUE
INT_00004225,CUST_001509,10/8/2024,Branch Visit,Complaint,Escalated,3,AGT_007,Linda Wilson,55,TRUE
INT_00004230,CUST_000582,10/24/2024,Call,Support,Pending,1,AGT_008,David Moore,49,TRUE
INT_00004232,CUST_000582,2/8/2025,Email,Support,Pending,1,AGT_002,James Smith,44,FALSE
INT_00004233,CUST_000582,4/20/2025,Branch Visit,Inquiry,Resolved,4,AGT_004,Robert Brown,17,TRUE
INT_00004234,CUST_000582,10/25/2024,Branch Visit,Complaint,Resolved,5,AGT_007,Linda Wilson,44,TRUE
INT_00004239,CUST_000627,7/10/2025,Email,Support,Escalated,3,AGT_001,Sarah Johnson,21,TRUE
INT_00004245,CUST_002141,5/29/2025,Chat,Inquiry,Escalated,3,AGT_006,Michael Miller,56,FALSE
INT_00004248,CUST_002141,3/23/2025,Email,Support,Pending,1,AGT_004,Robert Brown,38,TRUE
INT_00004251,CUST_002028,7/14/2025,Call,Support,Resolved,5,AGT_008,David Moore,34,TRUE
INT_00004261,CUST_001245,12/15/2024,Chat,Complaint,Resolved,3,AGT_006,Michael Miller,36,FALSE
INT_00004263,CUST_002194,3/9/2025,Chat,Inquiry,Resolved,2,AGT_009,Barbara Taylor,53,FALSE
INT_00004270,CUST_000645,3/12/2025,Call,Inquiry,Pending,4,AGT_010,William Anderson,23,FALSE
INT_00004274,CUST_002446,12/15/2024,Email,Complaint,Pending,3,AGT_003,Maria Garcia,51,FALSE
